-- phpMyAdmin SQL Dump
-- version 3.4.8
-- http://www.phpmyadmin.net
--
-- Host: localhost
-- Generation Time: Jan 05, 2012 at 11:09 AM
-- Server version: 5.5.18
-- PHP Version: 5.3.8

SET SQL_MODE="NO_AUTO_VALUE_ON_ZERO";
SET time_zone = "+00:00";


/*!40101 SET @OLD_CHARACTER_SET_CLIENT=@@CHARACTER_SET_CLIENT */;
/*!40101 SET @OLD_CHARACTER_SET_RESULTS=@@CHARACTER_SET_RESULTS */;
/*!40101 SET @OLD_COLLATION_CONNECTION=@@COLLATION_CONNECTION */;
/*!40101 SET NAMES utf8 */;

--
-- Database: `lucidity`
--

-- --------------------------------------------------------

--
-- Table structure for table `answers`
--

CREATE TABLE IF NOT EXISTS `answers` (
  `id` int(11) NOT NULL AUTO_INCREMENT,
  `question_id` int(11) NOT NULL,
  `text` text COLLATE latin1_general_ci NOT NULL,
  PRIMARY KEY (`id`),
  KEY `question_id` (`question_id`)
) ENGINE=InnoDB  DEFAULT CHARSET=latin1 COLLATE=latin1_general_ci AUTO_INCREMENT=10 ;

--
-- Dumping data for table `answers`
--

INSERT INTO `answers` (`id`, `question_id`, `text`) VALUES
(2, 4, 'All of it.'),
(3, 4, 'Way too much.'),
(4, 4, 'Who cares? Woodchucks can''t chuck wood.'),
(5, 4, '43'),
(6, 5, 'Because.'),
(7, 5, 'It''s a long story...'),
(8, 5, 'Roll tide.'),
(9, 5, 'A type of number.');

-- --------------------------------------------------------

--
-- Table structure for table `assignments`
--

CREATE TABLE IF NOT EXISTS `assignments` (
  `id` int(11) NOT NULL AUTO_INCREMENT,
  `doc_id` int(11) NOT NULL,
  `name` varchar(150) NOT NULL,
  `descrip` varchar(250) NOT NULL,
  `due_date` datetime NOT NULL,
  `section_id` int(11) NOT NULL,
  PRIMARY KEY (`id`),
  KEY `doc_id` (`doc_id`),
  KEY `section_id` (`section_id`)
) ENGINE=InnoDB  DEFAULT CHARSET=latin1 AUTO_INCREMENT=5 ;

--
-- Dumping data for table `assignments`
--

INSERT INTO `assignments` (`id`, `doc_id`, `name`, `descrip`, `due_date`, `section_id`) VALUES
(3, 1, 'Homework #1', 'This is the description.', '2011-12-07 13:00:00', 2),
(4, 1, 'Homework #2', 'This is the description.', '2011-12-09 12:00:00', 2);

-- --------------------------------------------------------

--
-- Table structure for table `c2dm_auth`
--

CREATE TABLE IF NOT EXISTS `c2dm_auth` (
  `email` text COLLATE latin1_general_ci NOT NULL,
  `auth_code` text COLLATE latin1_general_ci NOT NULL
) ENGINE=InnoDB DEFAULT CHARSET=latin1 COLLATE=latin1_general_ci;

--
-- Dumping data for table `c2dm_auth`
--

INSERT INTO `c2dm_auth` (`email`, `auth_code`) VALUES
('lucidity.app@gmail.com', 'DQAAALYAAABUwi11MAEqgjz42I35iifjzYSa6PyjWVKGE8bZB8sbSkCONHa-x5E_OAtJLY0q9vFvqn16_yH83u4WFAkz92gqbt0sqV0JpVanGnHZzdP_m2BqIkzMsMdLqz3KHroWhpoWrebLkBKsf6GUhqVenp90h8R1poCHwIrHrrYgeuym_1CdX4u0ZvRcggoJVMVnEQv9JpgSLtcur7ygMnXAsl5hCYOZt6jFcJdIVChiymd9vx0jvfOAf0H9u2vOnlaDNEY');

-- --------------------------------------------------------

--
-- Table structure for table `courses`
--

CREATE TABLE IF NOT EXISTS `courses` (
  `id` int(11) NOT NULL AUTO_INCREMENT,
  `course_number` int(11) NOT NULL,
  `subject_id` int(11) NOT NULL,
  `uni_id` int(11) NOT NULL,
  `name` varchar(100) NOT NULL,
  `start_date` date NOT NULL,
  `end_date` date NOT NULL,
  PRIMARY KEY (`id`),
  KEY `uni_id` (`uni_id`),
  KEY `subject_id` (`subject_id`)
) ENGINE=InnoDB  DEFAULT CHARSET=latin1 AUTO_INCREMENT=12 ;

--
-- Dumping data for table `courses`
--

INSERT INTO `courses` (`id`, `course_number`, `subject_id`, `uni_id`, `name`, `start_date`, `end_date`) VALUES
(10, 495, 1, 1870, 'Capstone Computing', '2011-08-24', '2011-12-16'),
(11, 415, 1, 1870, 'Software Engineering', '2011-08-17', '2011-12-16');

-- --------------------------------------------------------

--
-- Table structure for table `documents`
--

CREATE TABLE IF NOT EXISTS `documents` (
  `id` int(11) NOT NULL AUTO_INCREMENT,
  `course_id` int(11) NOT NULL,
  `title` text NOT NULL,
  `allow_remote_dl` tinyint(1) NOT NULL,
  PRIMARY KEY (`id`),
  KEY `course_id` (`course_id`)
) ENGINE=InnoDB  DEFAULT CHARSET=latin1 AUTO_INCREMENT=2 ;

--
-- Dumping data for table `documents`
--

INSERT INTO `documents` (`id`, `course_id`, `title`, `allow_remote_dl`) VALUES
(1, 1, 'Command Pattern', 1);

-- --------------------------------------------------------

--
-- Table structure for table `lectures`
--

CREATE TABLE IF NOT EXISTS `lectures` (
  `id` int(11) NOT NULL AUTO_INCREMENT,
  `section_id` int(11) NOT NULL,
  `name` text COLLATE latin1_general_ci NOT NULL,
  PRIMARY KEY (`id`),
  KEY `course_id` (`section_id`)
) ENGINE=InnoDB  DEFAULT CHARSET=latin1 COLLATE=latin1_general_ci AUTO_INCREMENT=3 ;

--
-- Dumping data for table `lectures`
--

INSERT INTO `lectures` (`id`, `section_id`, `name`) VALUES
(2, 2, 'Some lecture');

-- --------------------------------------------------------

--
-- Table structure for table `meeting_times`
--

CREATE TABLE IF NOT EXISTS `meeting_times` (
  `section_id` int(11) NOT NULL,
  `date` datetime NOT NULL,
  `is_cancelled` tinyint(1) NOT NULL,
  KEY `course_id` (`section_id`)
) ENGINE=InnoDB DEFAULT CHARSET=latin1;

-- --------------------------------------------------------

--
-- Table structure for table `professors`
--

CREATE TABLE IF NOT EXISTS `professors` (
  `user_id` int(11) NOT NULL AUTO_INCREMENT,
  PRIMARY KEY (`user_id`)
) ENGINE=InnoDB  DEFAULT CHARSET=latin1 AUTO_INCREMENT=58 ;

--
-- Dumping data for table `professors`
--

INSERT INTO `professors` (`user_id`) VALUES
(57);

-- --------------------------------------------------------

--
-- Table structure for table `professor_courses`
--

CREATE TABLE IF NOT EXISTS `professor_courses` (
  `professor_id` int(11) NOT NULL,
  `course_id` int(11) NOT NULL,
  KEY `professor_id` (`professor_id`),
  KEY `course_id` (`course_id`)
) ENGINE=InnoDB DEFAULT CHARSET=latin1;

-- --------------------------------------------------------

--
-- Table structure for table `questions`
--

CREATE TABLE IF NOT EXISTS `questions` (
  `id` int(11) NOT NULL AUTO_INCREMENT,
  `quiz_id` int(11) NOT NULL,
  `text` text COLLATE latin1_general_ci NOT NULL,
  `num_of_answers` int(11) NOT NULL,
  `correct_answer_id` int(11) NOT NULL,
  `position` int(11) NOT NULL,
  PRIMARY KEY (`id`),
  KEY `quiz_id` (`quiz_id`),
  KEY `correct_answer_id` (`correct_answer_id`)
) ENGINE=InnoDB  DEFAULT CHARSET=latin1 COLLATE=latin1_general_ci AUTO_INCREMENT=6 ;

--
-- Dumping data for table `questions`
--

INSERT INTO `questions` (`id`, `quiz_id`, `text`, `num_of_answers`, `correct_answer_id`, `position`) VALUES
(4, 1, 'How much would a woodchuck chuck if a woodchuck could chuck wood?', 4, 1, 1),
(5, 1, 'How come?', 4, 5, 2);

-- --------------------------------------------------------

--
-- Table structure for table `question_results`
--

CREATE TABLE IF NOT EXISTS `question_results` (
  `id` int(11) NOT NULL AUTO_INCREMENT,
  `quiz_result_id` int(11) NOT NULL,
  `question_id` int(11) NOT NULL,
  `selected_answer_id` int(11) NOT NULL,
  PRIMARY KEY (`id`)
) ENGINE=InnoDB  DEFAULT CHARSET=latin1 COLLATE=latin1_general_ci AUTO_INCREMENT=5 ;

--
-- Dumping data for table `question_results`
--

INSERT INTO `question_results` (`id`, `quiz_result_id`, `question_id`, `selected_answer_id`) VALUES
(1, 20, 5, 6),
(2, 20, 5, 8),
(3, 21, 4, -1),
(4, 21, 5, -1);

-- --------------------------------------------------------

--
-- Table structure for table `quizzes`
--

CREATE TABLE IF NOT EXISTS `quizzes` (
  `id` int(11) NOT NULL AUTO_INCREMENT,
  `lecture_id` int(11) NOT NULL,
  `name` text COLLATE latin1_general_ci NOT NULL,
  `duration` int(11) NOT NULL,
  `start_time` time NOT NULL,
  PRIMARY KEY (`id`)
) ENGINE=InnoDB  DEFAULT CHARSET=latin1 COLLATE=latin1_general_ci AUTO_INCREMENT=2 ;

--
-- Dumping data for table `quizzes`
--

INSERT INTO `quizzes` (`id`, `lecture_id`, `name`, `duration`, `start_time`) VALUES
(1, 2, 'Test quiz', 60, '22:04:05');

-- --------------------------------------------------------

--
-- Table structure for table `quiz_results`
--

CREATE TABLE IF NOT EXISTS `quiz_results` (
  `id` int(11) NOT NULL AUTO_INCREMENT,
  `grade` decimal(10,0) NOT NULL,
  `quiz_id` int(11) NOT NULL,
  `student_id` int(11) NOT NULL,
  PRIMARY KEY (`id`),
  KEY `quiz_id` (`quiz_id`),
  KEY `student_id` (`student_id`)
) ENGINE=InnoDB  DEFAULT CHARSET=latin1 COLLATE=latin1_general_ci AUTO_INCREMENT=22 ;

--
-- Dumping data for table `quiz_results`
--

INSERT INTO `quiz_results` (`id`, `grade`, `quiz_id`, `student_id`) VALUES
(19, '1', 1, 61),
(20, '0', 1, 61),
(21, '0', 1, 61);

-- --------------------------------------------------------

--
-- Table structure for table `sections`
--

CREATE TABLE IF NOT EXISTS `sections` (
  `id` int(11) NOT NULL AUTO_INCREMENT,
  `name` varchar(10) COLLATE latin1_general_ci NOT NULL COMMENT 'section number (001, 002)',
  `course_id` int(11) NOT NULL,
  `professor_id` int(11) NOT NULL,
  `location` text COLLATE latin1_general_ci NOT NULL,
  `days` text COLLATE latin1_general_ci NOT NULL,
  `start_time` tinytext COLLATE latin1_general_ci NOT NULL,
  `end_time` tinytext COLLATE latin1_general_ci NOT NULL,
  `checkin_lat` float NOT NULL,
  `checkin_long` float NOT NULL,
  `checkin_radius` float NOT NULL,
  PRIMARY KEY (`id`),
  KEY `course_id` (`course_id`),
  KEY `professor_id` (`professor_id`)
) ENGINE=InnoDB  DEFAULT CHARSET=latin1 COLLATE=latin1_general_ci AUTO_INCREMENT=3 ;

--
-- Dumping data for table `sections`
--

INSERT INTO `sections` (`id`, `name`, `course_id`, `professor_id`, `location`, `days`, `start_time`, `end_time`, `checkin_lat`, `checkin_long`, `checkin_radius`) VALUES
(2, '001', 10, 57, 'Houser 311', 'T,R', '2:00 pm', '5:00 pm', 33.2143, -87.5445, 30);

-- --------------------------------------------------------

--
-- Table structure for table `student_courses`
--

CREATE TABLE IF NOT EXISTS `student_courses` (
  `student_id` int(11) NOT NULL,
  `section_id` int(11) NOT NULL,
  `is_verified` tinyint(1) NOT NULL,
  `checked_in` int(11) NOT NULL DEFAULT '0',
  KEY `student_id` (`student_id`),
  KEY `course_id` (`section_id`)
) ENGINE=InnoDB DEFAULT CHARSET=latin1;

--
-- Dumping data for table `student_courses`
--

INSERT INTO `student_courses` (`student_id`, `section_id`, `is_verified`, `checked_in`) VALUES
(61, 2, 0, 0),
(70, 2, 0, 0);

-- --------------------------------------------------------

--
-- Table structure for table `subjects`
--

CREATE TABLE IF NOT EXISTS `subjects` (
  `id` int(11) NOT NULL AUTO_INCREMENT,
  `long_name` text NOT NULL,
  `short_name` text NOT NULL,
  PRIMARY KEY (`id`)
) ENGINE=InnoDB  DEFAULT CHARSET=utf8 AUTO_INCREMENT=2 ;

--
-- Dumping data for table `subjects`
--

INSERT INTO `subjects` (`id`, `long_name`, `short_name`) VALUES
(1, 'Computer Science', 'CS');

-- --------------------------------------------------------

--
-- Table structure for table `unis`
--

CREATE TABLE IF NOT EXISTS `unis` (
  `id` int(11) NOT NULL AUTO_INCREMENT,
  `name` varchar(200) NOT NULL,
  `server_address` text NOT NULL,
  `server_port` int(11) NOT NULL DEFAULT '80',
  PRIMARY KEY (`id`)
) ENGINE=InnoDB  DEFAULT CHARSET=latin1 AUTO_INCREMENT=2161 ;

--
-- Dumping data for table `unis`
--

INSERT INTO `unis` (`id`, `name`, `server_address`, `server_port`) VALUES
(1, 'A.T. Still University of Health Sciences', '', 0),
(2, 'Abilene Christian University', '', 0),
(3, 'Abraham Baldwin Agricultural College', '', 0),
(4, 'Academy of Art University', '', 0),
(5, 'Academy of Oriental Medicine at Austin', '', 0),
(6, 'Adams State College', '', 0),
(7, 'Adelphi University', '', 0),
(8, 'Adler Graduate School', '', 0),
(9, 'Adler School of Professional Psychology', '', 0),
(10, 'Adrian College', '', 0),
(11, 'Agnes Scott College', '', 0),
(12, 'AIB College of Business', '', 0),
(13, 'Air Force Institute of Technology', '', 0),
(14, 'Air University', '', 0),
(15, 'Alabama A&M University', '', 0),
(16, 'Alabama State University', '', 0),
(17, 'Alaska Bible College', '', 0),
(18, 'Alaska Pacific University', '', 0),
(19, 'Albany College of Pharmacy & Health Sciences', '', 0),
(20, 'Albany Medical College', '', 0),
(21, 'Albany State University', '', 0),
(22, 'Albertus Magnus College', '', 0),
(23, 'Albion College', '', 0),
(24, 'Albright College', '', 0),
(25, 'Alcorn State University', '', 0),
(26, 'Alderson-Broaddus College', '', 0),
(27, 'Alfred University', '', 0),
(28, 'Alice Lloyd College', '', 0),
(29, 'Allegheny College', '', 0),
(30, 'Allen College', '', 0),
(31, 'Allen University', '', 0),
(32, 'Alliant International University', '', 0),
(33, 'Alma College', '', 0),
(34, 'Alvernia University', '', 0),
(35, 'Alverno College', '', 0),
(36, 'Ambassador University', '', 0),
(37, 'Amberton University', '', 0),
(38, 'American Academy of Art', '', 0),
(39, 'American College', '', 0),
(40, 'American College of Education', '', 0),
(41, 'American Conservatory Theater', '', 0),
(42, 'American Film Institute', '', 0),
(43, 'American Indian College of the Assemblies of God', '', 0),
(44, 'American InterContinental University', '', 0),
(45, 'American International College', '', 0),
(46, 'American Jewish University', '', 0),
(47, 'American Military University', '', 0),
(48, 'American Public University', '', 0),
(49, 'American University', '', 0),
(50, 'American University of Puerto Rico', '', 0),
(51, 'Amherst College', '', 0),
(52, 'Amridge University', '', 0),
(53, 'Anderson University', '', 0),
(54, 'Anderson University', '', 0),
(55, 'Andover Newton Theological School', '', 0),
(56, 'Andrews University', '', 0),
(57, 'Angelo State University', '', 0),
(58, 'Anna Maria College', '', 0),
(59, 'Antioch College', '', 0),
(60, 'Antioch University-Midwest', '', 0),
(61, 'Antioch University-New England', '', 0),
(62, 'Antioch University-Los Angeles', '', 0),
(63, 'Antioch University-Santa Barbara', '', 0),
(64, 'Antioch University-Seattle', '', 0),
(65, 'Appalachian Bible College', '', 0),
(66, 'Appalachian State University', '', 0),
(67, 'Aquinas College', '', 0),
(68, 'Aquinas College', '', 0),
(69, 'Aquinas Institute of Theology', '', 0),
(70, 'Arcadia University', '', 0),
(71, 'Argosy University', '', 0),
(72, 'Arizona State University', '', 0),
(73, 'Arizona State University-Downtown Phoenix Campus', '', 0),
(74, 'Arizona State-Polytechnic Campus', '', 0),
(75, 'Arizona State University-West Campus', '', 0),
(76, 'Arkansas Baptist College', '', 0),
(77, 'Arkansas State University', '', 0),
(78, 'Arkansas Tech University', '', 0),
(79, 'Arlington Baptist College', '', 0),
(80, 'Armstrong Atlantic State University', '', 0),
(81, 'Art Academy of Cincinnati', '', 0),
(82, 'Art Center College of Design', '', 0),
(83, 'Art Center Design College', '', 0),
(84, 'Art Institute of Atlanta', '', 0),
(85, 'Art Institute of Colorado', '', 0),
(86, 'Art Institute of Dallas', '', 0),
(87, 'Art Institute of Houston', '', 0),
(88, 'Art Institute of Pittsburgh', '', 0),
(89, 'Art Institute of Portland', '', 0),
(90, 'Art Institute of Seattle', '', 0),
(91, 'Asbury Theological Seminary', '', 0),
(92, 'Asbury University', '', 0),
(93, 'Ashford University', '', 0),
(94, 'Ashland University', '', 0),
(95, 'Assemblies of God Theological Seminary', '', 0),
(96, 'Associated Mennonite Biblical Seminary', '', 0),
(97, 'Assumption College', '', 0),
(98, 'Athenaeum of Ohio', '', 0),
(99, 'Athens State University', '', 0),
(100, 'Atlanta Christian College', '', 0),
(101, 'Atlantic Union College', '', 0),
(102, 'Auburn University', '', 0),
(103, 'Auburn University at Montgomery', '', 0),
(104, 'Augsburg College', '', 0),
(105, 'Augusta State University', '', 0),
(106, 'Augustana College', '', 0),
(107, 'Augustana College', '', 0),
(108, 'Aurora University', '', 0),
(109, 'Austin College', '', 0),
(110, 'Austin Graduate School of Theology', '', 0),
(111, 'Austin Peay State University', '', 0),
(112, 'Austin Presbyterian Theological Seminary', '', 0),
(113, 'Ave Maria University', '', 0),
(114, 'Averett University', '', 0),
(115, 'Avila University', '', 0),
(116, 'Azusa Pacific University', '', 0),
(117, 'Daemen College', '', 0),
(118, 'Dakota State University', '', 0),
(119, 'Dakota Wesleyan University', '', 0),
(120, 'Dallas Baptist University', '', 0),
(121, 'Dallas Christian College', '', 0),
(122, 'Dallas Theological Seminary', '', 0),
(123, 'Dalton State College', '', 0),
(124, 'Daniel Webster College', '', 0),
(125, 'Dartmouth College', '', 0),
(126, 'Davenport University', '', 0),
(127, 'Davidson College', '', 0),
(128, 'Davis College', '', 0),
(129, 'Davis & Elkins College', '', 0),
(130, 'Daytona State College', '', 0),
(131, 'Dean College', '', 0),
(132, 'Defiance College', '', 0),
(133, 'Delaware State University', '', 0),
(134, 'Delaware Valley College', '', 0),
(135, 'Delta State University', '', 0),
(136, 'Denison University', '', 0),
(137, 'Denver Seminary', '', 0),
(138, 'DePaul University', '', 0),
(139, 'DePauw University', '', 0),
(140, 'Des Moines University-Osteopathic Medical Center', '', 0),
(141, 'DeSales University', '', 0),
(142, 'DeVry University', '', 0),
(143, 'DeVry University-Addison', '', 0),
(144, 'DeVry University-Arlington', '', 0),
(145, 'DeVry University-Chicago', '', 0),
(146, 'DeVry University-Georgia', '', 0),
(147, 'DeVry University-Irving', '', 0),
(148, 'DeVry University-Kansas City', '', 0),
(149, 'DeVry University-Long Beach', '', 0),
(150, 'DeVry University-Orlando', '', 0),
(151, 'DeVry University-Phoenix', '', 0),
(152, 'DeVry University-Pomona', '', 0),
(153, 'Dickinson College', '', 0),
(154, 'Dickinson State University', '', 0),
(155, 'Dillard University', '', 0),
(156, 'Divine Word College', '', 0),
(157, 'Dixie State College', '', 0),
(158, 'Doane College', '', 0),
(159, 'Dominican College', '', 0),
(160, 'Dominican House of Studies', '', 0),
(161, 'Dominican School of Philosophy & Theology', '', 0),
(162, 'Dominican University', '', 0),
(163, 'Dominican University of California', '', 0),
(164, 'Donnelly College', '', 0),
(165, 'Dordt College', '', 0),
(166, 'Dowling College', '', 0),
(167, 'Drake University', '', 0),
(168, 'Drew University', '', 0),
(169, 'Drexel University', '', 0),
(170, 'Drury University', '', 0),
(171, 'Duke University', '', 0),
(172, 'Dunwoody College of Technology', '', 0),
(173, 'Duquesne University', '', 0),
(174, 'D?Youville College', '', 0),
(175, 'Earlham College', '', 0),
(176, 'East Carolina University', '', 0),
(177, 'East Central University', '', 0),
(178, 'East Stroudsburg State University of Pennsylvania', '', 0),
(179, 'East Tennessee State University', '', 0),
(180, 'East Texas Baptist University', '', 0),
(181, 'East-West University', '', 0),
(182, 'Eastern University', '', 0),
(183, 'Eastern Connecticut State University', '', 0),
(184, 'Eastern Illinois University', '', 0),
(185, 'Eastern Kentucky University', '', 0),
(186, 'Eastern Mennonite University', '', 0),
(187, 'Eastern Michigan University', '', 0),
(188, 'Eastern Nazarene College', '', 0),
(189, 'Eastern New Mexico University', '', 0),
(190, 'Eastern Oregon University', '', 0),
(191, 'Eastern Virginia Medical School', '', 0),
(192, 'Eastern Washington University', '', 0),
(193, 'Eckerd College', '', 0),
(194, 'ECPI University', '', 0),
(195, 'Eden Theological Seminary', '', 0),
(196, 'Edgewood College', '', 0),
(197, 'Edinboro University of Pennsylvania', '', 0),
(198, 'Edison State College', '', 0),
(199, 'EDP College', '', 0),
(200, 'Edward Waters College', '', 0),
(201, 'Elizabeth City State University', '', 0),
(202, 'Elizabethtown College', '', 0),
(203, 'Ellis University', '', 0),
(204, 'Elmhurst College', '', 0),
(205, 'Elmira College', '', 0),
(206, 'Elms College', '', 0),
(207, 'Elon University', '', 0),
(208, 'Embry-Riddle Aeronautical University', '', 0),
(209, 'Emerson College', '', 0),
(210, 'Emmanuel College', '', 0),
(211, 'Emmanuel College', '', 0),
(212, 'Emmanuel School of Religion', '', 0),
(213, 'Emmaus Bible College', '', 0),
(214, 'Emporia State University', '', 0),
(215, 'Emory & Henry College', '', 0),
(216, 'Emory University', '', 0),
(217, 'Endicott College', '', 0),
(218, 'Erikson Institute', '', 0),
(219, 'Erskine College', '', 0),
(220, 'Escuela de Artes Pl?sticas de Puerto Rico', '', 0),
(221, 'Eureka College', '', 0),
(222, 'Evangel University', '', 0),
(223, 'Evangelical Theological Seminary', '', 0),
(224, 'Everglades University', '', 0),
(225, 'Evergreen State College', '', 0),
(226, 'Excelsior College', '', 0),
(227, 'Fairfield University', '', 0),
(228, 'Fairleigh Dickinson University', '', 0),
(229, 'Fairmont State University', '', 0),
(230, 'Faith Baptist Bible College & Theological Seminary', '', 0),
(231, 'Fashion Institute of Design & Merchandising', '', 0),
(232, 'Faulkner University', '', 0),
(233, 'Fayetteville State University', '', 0),
(234, 'Felician College', '', 0),
(235, 'Ferris State University', '', 0),
(236, 'Ferrum College', '', 0),
(237, 'Fielding Graduate University', '', 0),
(238, 'Finlandia University', '', 0),
(239, 'Fisher College', '', 0),
(240, 'Fisk University', '', 0),
(241, 'Fitchburg State University', '', 0),
(242, 'Five Towns College', '', 0),
(243, 'Flagler College', '', 0),
(244, 'Florida Agricultural & Mechanical University', '', 0),
(245, 'Florida Atlantic University', '', 0),
(246, 'Florida Christian College', '', 0),
(247, 'Florida College', '', 0),
(248, 'Florida Gulf Coast University', '', 0),
(249, 'Florida Hospital College of Health Sciences', '', 0),
(250, 'Florida Institute of Technology', '', 0),
(251, 'Florida International University', '', 0),
(252, 'Florida Memorial University', '', 0),
(253, 'Florida National College', '', 0),
(254, 'Florida Southern College', '', 0),
(255, 'Florida State College at Jacksonville', '', 0),
(256, 'Florida State University', '', 0),
(257, 'Fontbonne University', '', 0),
(258, 'Fordham University', '', 0),
(259, 'Forest Institute of Professional Psychology', '', 0),
(260, 'Fort Hays State University', '', 0),
(261, 'Fort Lewis College', '', 0),
(262, 'Fort Valley State University', '', 0),
(263, 'Framingham State University', '', 0),
(264, 'Francis Marion University', '', 0),
(265, 'Franciscan School of Theology', '', 0),
(266, 'Franciscan University of Steubenville', '', 0),
(267, 'Frank Lloyd Wright School of Architecture', '', 0),
(268, 'Franklin & Marshall College', '', 0),
(269, 'Franklin College', '', 0),
(270, 'Franklin Pierce University', '', 0),
(271, 'Franklin University', '', 0),
(272, 'Franklin W. Olin College of Engineering', '', 0),
(273, 'Free Will Baptist Bible College', '', 0),
(274, 'Freed-Hardeman University', '', 0),
(275, 'Fresno Pacific University', '', 0),
(276, 'Friends University', '', 0),
(277, 'Frontier School of Midwifery & Family Nursing', '', 0),
(278, 'Frostburg State University', '', 0),
(279, 'Fuller Theological Seminary', '', 0),
(280, 'Furman University', '', 0),
(281, 'Future Generations Graduate School', '', 0),
(282, 'Gainesville State College', '', 0),
(283, 'Gallaudet University', '', 0),
(284, 'Gannon University', '', 0),
(285, 'Gardner-Webb University', '', 0),
(286, 'Garrett-Evangelical Theological Seminary', '', 0),
(287, 'Geneva College', '', 0),
(288, 'George Fox University', '', 0),
(289, 'George Mason University', '', 0),
(290, 'George Washington University', '', 0),
(291, 'George Washington University-Virginia Campus', '', 0),
(292, 'Georgetown College', '', 0),
(293, 'Georgetown University', '', 0),
(294, 'Georgia College & State University', '', 0),
(295, 'Georgia Gwinnett College', '', 0),
(296, 'Georgia Health Sciences University', '', 0),
(297, 'Georgia Institute of Technology', '', 0),
(298, 'Georgia Southern University', '', 0),
(299, 'Georgia Southwestern State University', '', 0),
(300, 'Georgia State University', '', 0),
(301, 'Georgian Court University', '', 0),
(302, 'Gettysburg College', '', 0),
(303, 'Glenville State College', '', 0),
(304, 'Global University', '', 0),
(305, 'God''s Bible School & College', '', 0),
(306, 'Goddard College', '', 0),
(307, 'Golden Gate Baptist Theological Seminary', '', 0),
(308, 'Golden Gate University', '', 0),
(309, 'Goldey-Beacom College', '', 0),
(310, 'Goldfarb School of Nursing at Barnes-Jewish College', '', 0),
(311, 'Gonzaga University', '', 0),
(312, 'Goodwin College', '', 0),
(313, 'Gordon College', '', 0),
(314, 'Gordon College', '', 0),
(315, 'Gordon-Conwell Theological Seminary', '', 0),
(316, 'Goshen College', '', 0),
(317, 'Goucher College', '', 0),
(318, 'Governors State University', '', 0),
(319, 'Grace Bible College', '', 0),
(320, 'Grace College & Seminary', '', 0),
(321, 'Grace University', '', 0),
(322, 'Graceland University', '', 0),
(323, 'Graduate Institute of Applied Linguistics', '', 0),
(324, 'Graduate Theological Union', '', 0),
(325, 'Grambling State University', '', 0),
(326, 'Grand Canyon University', '', 0),
(327, 'Grand Valley State University', '', 0),
(328, 'Grand View University', '', 0),
(329, 'Granite State College', '', 0),
(330, 'Gratz College', '', 0),
(331, 'Great Basin College', '', 0),
(332, 'Great Lakes Christian College', '', 0),
(333, 'Green Mountain College', '', 0),
(334, 'Greensboro College', '', 0),
(335, 'Greenville College', '', 0),
(336, 'Grinnell College', '', 0),
(337, 'Grove City College', '', 0),
(338, 'Guilford College', '', 0),
(339, 'Gulf Coast Community College', '', 0),
(340, 'Gustavus Adolphus College', '', 0),
(341, 'Gwynedd Mercy College', '', 0),
(342, 'Idaho State University', '', 0),
(343, 'Iliff School of Theology', '', 0),
(344, 'Illinois College', '', 0),
(345, 'Illinois College of Optometry', '', 0),
(346, 'Illinois Institute of Art', '', 0),
(347, 'Illinois Institute of Art-Schaumburg', '', 0),
(348, 'Illinois Institute of Technology', '', 0),
(349, 'Illinois State University', '', 0),
(350, 'Illinois Wesleyan University', '', 0),
(351, 'Immaculata University', '', 0),
(352, 'Indian River State College', '', 0),
(353, 'Indiana Institute of Technology', '', 0),
(354, 'Indiana State University', '', 0),
(355, 'Indiana University-Bloomington', '', 0),
(356, 'Indiana University-East', '', 0),
(357, 'Indiana University-Kokomo', '', 0),
(358, 'Indiana University-Northwest', '', 0),
(359, 'Indiana University-South Bend', '', 0),
(360, 'Indiana University-Southeast', '', 0),
(361, 'Indiana University System', '', 0),
(362, 'Indiana University/Purdue University at Columbus', '', 0),
(363, 'Indiana University/Purdue University at Fort Wayne', '', 0),
(364, 'Indiana University/Purdue University at Indianapolis', '', 0),
(365, 'Indiana University of Pennsylvania', '', 0),
(366, 'Indiana Wesleyan University', '', 0),
(367, 'Institute for Clinical Social Work', '', 0),
(368, 'Institute for the Psychological Sciences', '', 0),
(369, 'Institute of American Indian Arts', '', 0),
(370, 'Institute of Transpersonal Psychology', '', 0),
(371, 'Institute of World Politics', '', 0),
(372, 'Interdenominational Theological Center', '', 0),
(373, 'Iona College', '', 0),
(374, 'Iowa State University', '', 0),
(375, 'Iowa Wesleyan College', '', 0),
(376, 'Irell & Manella Graduate School of Biological Sciences', '', 0),
(377, 'Ithaca College', '', 0),
(378, 'Jackson State University', '', 0),
(379, 'Jacksonville University', '', 0),
(380, 'Jacksonville State University', '', 0),
(381, 'James Madison University', '', 0),
(382, 'Jamestown College', '', 0),
(383, 'Jarvis Christian College', '', 0),
(384, 'Jefferson College of Health Sciences', '', 0),
(385, 'The Jewish Theological Seminary of America', '', 0),
(386, 'John Brown University', '', 0),
(387, 'John Carroll University', '', 0),
(388, 'John F. Kennedy University', '', 0),
(389, 'John Marshall Law School', '', 0),
(390, 'Johns Hopkins University', '', 0),
(391, 'Johnson Bible College', '', 0),
(392, 'Johnson C. Smith University', '', 0),
(393, 'Johnson State College', '', 0),
(394, 'Johnson & Wales University', '', 0),
(395, 'Jones International University', '', 0),
(396, 'Judson College', '', 0),
(397, 'Judson University', '', 0),
(398, 'The Juilliard School', '', 0),
(399, 'Juniata College', '', 0),
(400, 'La Roche College', '', 0),
(401, 'La Salle University', '', 0),
(402, 'La Sierra University', '', 0),
(403, 'Labour? College', '', 0),
(404, 'Lafayette College', '', 0),
(405, 'LaGrange College', '', 0),
(406, 'Laguna College of Art & Design', '', 0),
(407, 'Lake Erie College', '', 0),
(408, 'Lake Erie College of Osteopathic Medicine', '', 0),
(409, 'Lake Forest College', '', 0),
(410, 'Lake Forest Graduate School of Management', '', 0),
(411, 'Lake Superior State University', '', 0),
(412, 'Lakeland College', '', 0),
(413, 'Lakeview College of Nursing', '', 0),
(414, 'Lamar University', '', 0),
(415, 'Lambuth University', '', 0),
(416, 'Lancaster Bible College', '', 0),
(417, 'Lancaster General College of Nursing & Health', '', 0),
(418, 'Lancaster Theological Seminary', '', 0),
(419, 'Lander University', '', 0),
(420, 'Lane College', '', 0),
(421, 'Langston University', '', 0),
(422, 'Lasell College', '', 0),
(423, 'Lawrence Technological University', '', 0),
(424, 'Lawrence University', '', 0),
(425, 'Le Moyne College', '', 0),
(426, 'Lebanon Valley College', '', 0),
(427, 'Lee University', '', 0),
(428, 'Lees-McRae College', '', 0),
(429, 'Lehigh University', '', 0),
(430, 'LeMoyne-Owen College', '', 0),
(431, 'Lenoir-Rhyne University', '', 0),
(432, 'Lesley University', '', 0),
(433, 'LeTourneau University', '', 0),
(434, 'Lewis & Clark College', '', 0),
(435, 'Lewis-Clark State College', '', 0),
(436, 'Lewis University', '', 0),
(437, 'Lexington College', '', 0),
(438, 'Liberty University', '', 0),
(439, 'Life Pacific College', '', 0),
(440, 'Life University', '', 0),
(441, 'LIM College', '', 0),
(442, 'Limestone College', '', 0),
(443, 'Lincoln Christian University', '', 0),
(444, 'Lincoln College', '', 0),
(445, 'Lincoln College of New England', '', 0),
(446, 'Lincoln Memorial University', '', 0),
(447, 'Lincoln University', '', 0),
(448, 'Lincoln University', '', 0),
(449, 'Lindenwood University', '', 0),
(450, 'Lindsey Wilson College', '', 0),
(451, 'Linfield College', '', 0),
(452, 'Lipscomb University', '', 0),
(453, 'Livingstone College', '', 0),
(454, 'Lock Haven University of Pennsylvania', '', 0),
(455, 'Logan University', '', 0),
(456, 'Loma Linda University', '', 0),
(457, 'Long Island University', '', 0),
(458, 'Long Island University-Arnold & Marie Schwartz College of Pharmacy & Health Sciences', '', 0),
(459, 'Long Island University-Brentwood Campus', '', 0),
(460, 'Long Island University-Brooklyn Campus', '', 0),
(461, 'Long Island University-C.W. Post Campus', '', 0),
(462, 'Long Island University at Riverhead', '', 0),
(463, 'Long Island University-Rockland Graduate Campus', '', 0),
(464, 'Long Island University-Westchester Graduate Campus', '', 0),
(465, 'Longwood University', '', 0),
(466, 'Longy School of Music', '', 0),
(467, 'Loras College', '', 0),
(468, 'Louisiana College', '', 0),
(469, 'Louisiana State University', '', 0),
(470, 'Louisiana State University-Alexandria', '', 0),
(471, 'Louisiana State University-Law Center', '', 0),
(472, 'Louisiana State University Health Sciences Center-New Orleans', '', 0),
(473, 'Louisiana State University Health Sciences Center-Shreveport', '', 0),
(474, 'Louisiana State University-Shreveport', '', 0),
(475, 'Louisiana State University System', '', 0),
(476, 'Louisiana Tech University', '', 0),
(477, 'Louisville Presbyterian Theological Seminary', '', 0),
(478, 'Lourdes College', '', 0),
(479, 'Loyola University Maryland', '', 0),
(480, 'Loyola Marymount University', '', 0),
(481, 'Loyola University Chicago', '', 0),
(482, 'Loyola University New Orleans', '', 0),
(483, 'Lubbock Christian University', '', 0),
(484, 'Luther College', '', 0),
(485, 'Luther Seminary', '', 0),
(486, 'Lutheran School of Theology at Chicago', '', 0),
(487, 'Lutheran Theological Seminary at Gettysburg', '', 0),
(488, 'Lutheran Theological Seminary at Philadelphia', '', 0),
(489, 'Lycoming College', '', 0),
(490, 'Lyme Academy College of Fine Arts', '', 0),
(491, 'Lynchburg College', '', 0),
(492, 'Lyndon State College', '', 0),
(493, 'Lynn University', '', 0),
(494, 'Lyon College', '', 0),
(495, 'Naropa University', '', 0),
(496, 'National American University', '', 0),
(497, 'National College of Natural Medicine', '', 0),
(498, 'National Defense Intelligence College', '', 0),
(499, 'National Defense University', '', 0),
(500, 'National Graduate School of Quality Management', '', 0),
(501, 'National Hispanic University', '', 0),
(502, 'National Labor College', '', 0),
(503, 'National-Louis University', '', 0),
(504, 'National Theatre Conservatory', '', 0),
(505, 'National University', '', 0),
(506, 'National University of Health Sciences', '', 0),
(507, 'Navajo Technical College', '', 0),
(508, 'Naval Postgraduate School', '', 0),
(509, 'Nazarene Bible College', '', 0),
(510, 'Nazareth College', '', 0),
(511, 'Nebraska Christian College', '', 0),
(512, 'Nebraska Methodist College', '', 0),
(513, 'Nebraska Wesleyan University', '', 0),
(514, 'Neumann University', '', 0),
(515, 'New College of Florida', '', 0),
(516, 'New England College', '', 0),
(517, 'New England College of Business & Finance', '', 0),
(518, 'New England College of Optometry', '', 0),
(519, 'New England Conservatory of Music', '', 0),
(520, 'New England Institute of Art', '', 0),
(521, 'New England Institute of Technology', '', 0),
(522, 'New Hope Christian College', '', 0),
(523, 'New Jersey City University', '', 0),
(524, 'New Jersey Institute of Technology', '', 0),
(525, 'New Mexico Highlands University', '', 0),
(526, 'New Mexico Institute of Mining & Technology', '', 0),
(527, 'New Mexico State University', '', 0),
(528, 'New Orleans Baptist Theological Seminary', '', 0),
(529, 'The New School', '', 0),
(530, 'New York Chiropractic College', '', 0),
(531, 'New York Institute of Technology', '', 0),
(532, 'New York Medical College', '', 0),
(533, 'New York University', '', 0),
(534, 'Newberry College', '', 0),
(535, 'Newbury College', '', 0),
(536, 'Newman University', '', 0),
(537, 'Niagara University', '', 0),
(538, 'Nichols College', '', 0),
(539, 'Nicholls State University', '', 0),
(540, 'Norfolk State University', '', 0),
(541, 'North Carolina A&T State University', '', 0),
(542, 'North Carolina Central University', '', 0),
(543, 'North Carolina Wesleyan College', '', 0),
(544, 'North Central University', '', 0),
(545, 'North Central College', '', 0),
(546, 'North Carolina State University', '', 0),
(547, 'North Dakota State University', '', 0),
(548, 'North Georgia College & State University', '', 0),
(549, 'North Greenville University', '', 0),
(550, 'North Park University', '', 0),
(551, 'Northcentral University', '', 0),
(552, 'Northeastern Illinois University', '', 0),
(553, 'Northeastern Ohio Universities College of Medicine', '', 0),
(554, 'Northeastern Seminary at Roberts Wesleyan College', '', 0),
(555, 'Northeastern State University', '', 0),
(556, 'Northeastern State University-Broken Arrow', '', 0),
(557, 'Northeastern State University-Muskogee', '', 0),
(558, 'Northeastern University', '', 0),
(559, 'Northern Arizona University', '', 0),
(560, 'Northern Baptist Theological Seminary', '', 0),
(561, 'Northern Illinois University', '', 0),
(562, 'Northern Kentucky University', '', 0),
(563, 'Northern Michigan University', '', 0),
(564, 'Northern New Mexico College', '', 0),
(565, 'Northern State University', '', 0),
(566, 'Northland College', '', 0),
(567, 'Northwest Christian University', '', 0),
(568, 'Northwest Florida State College', '', 0),
(569, 'Northwest Indian College', '', 0),
(570, 'Northwest Missouri State University', '', 0),
(571, 'Northwest Nazarene University', '', 0),
(572, 'Northwest University', '', 0),
(573, 'Northwestern College', '', 0),
(574, 'Northwestern College', '', 0),
(575, 'Northwestern Health Sciences University', '', 0),
(576, 'Northwestern Oklahoma State University', '', 0),
(577, 'Northwestern State University of Louisiana', '', 0),
(578, 'Northwestern University', '', 0),
(579, 'Northwood University', '', 0),
(580, 'Norwich University', '', 0),
(581, 'Notre Dame College', '', 0),
(582, 'Notre Dame de Namur University', '', 0),
(583, 'Notre Dame Seminary', '', 0),
(584, 'Nova Southeastern University', '', 0),
(585, 'Nyack College', '', 0),
(586, 'Pace University', '', 0),
(587, 'Pacific Lutheran University', '', 0),
(588, 'Pacific Northwest College of Art', '', 0),
(589, 'Pacific Oaks College', '', 0),
(590, 'Pacific School of Religion', '', 0),
(591, 'Pacific Union College', '', 0),
(592, 'Pacific University', '', 0),
(593, 'Pacifica Graduate Institute', '', 0),
(594, 'Paine College', '', 0),
(595, 'Palm Beach Atlantic University', '', 0),
(596, 'Palm Beach State College', '', 0),
(597, 'Palmer College of Chiropractic', '', 0),
(598, 'Palo Alto University', '', 0),
(599, 'Pardee RAND Graduate School', '', 0),
(600, 'Park University', '', 0),
(601, 'Parker University', '', 0),
(602, 'Patten College', '', 0),
(603, 'Paul Quinn College', '', 0),
(604, 'Paul Smith''s College', '', 0),
(605, 'Peace College', '', 0),
(606, 'Peirce College', '', 0),
(607, 'Peninsula College', '', 0),
(608, 'Pennsylvania College of Art & Design', '', 0),
(609, 'Pennsylvania College of Technology', '', 0),
(610, 'Pennsylvania State University', '', 0),
(611, 'Pennsylvania State University-Abington', '', 0),
(612, 'Pennsylvania State University-Altoona', '', 0),
(613, 'Pennsylvania State University-Beaver', '', 0),
(614, 'Pennsylvania State University-Berks', '', 0),
(615, 'Pennsylvania State University-Brandywine', '', 0),
(616, 'Pennsylvania State University-Dickinson School of Law', '', 0),
(617, 'Pennsylvania State University-DuBois', '', 0),
(618, 'Pennsylvania State University-Erie, The Behrend College', '', 0),
(619, 'Pennsylvania State University-Fayette, The Eberly Campus', '', 0),
(620, 'Pennsylvania State University-Great Valley School of Graduate Professional Studies', '', 0),
(621, 'Pennsylvania State University-Greater Allegheny', '', 0),
(622, 'Pennsylvania State University-Harrisburg', '', 0),
(623, 'Pennsylvania State University-Hazleton', '', 0),
(624, 'Pennsylvania State University-Lehigh Valley', '', 0),
(625, 'Pennsylvania State University-Milton S. Hershey Medical Center', '', 0),
(626, 'Pennsylvania State University-Mont Alto', '', 0),
(627, 'Pennsylvania State University-New Kensington', '', 0),
(628, 'Pennsylvania State University-Schuylkill', '', 0),
(629, 'Pennsylvania State University-Shenango', '', 0),
(630, 'Pennsylvania State University-Wilkes-Barre', '', 0),
(631, 'Pennsylvania State University-Worthington Scranton', '', 0),
(632, 'Pennsylvania State University-York', '', 0),
(633, 'Pensacola State College', '', 0),
(634, 'Pentecostal Theological Seminary', '', 0),
(635, 'Pepperdine University', '', 0),
(636, 'Peru State College', '', 0),
(637, 'Pfeiffer University', '', 0),
(638, 'Philadelphia Biblical University', '', 0),
(639, 'Philadelphia College of Osteopathic Medicine', '', 0),
(640, 'Philadelphia College of Textiles & Science', '', 0),
(641, 'Philander Smith College', '', 0),
(642, 'Phillips Graduate Institute', '', 0),
(643, 'Phillips Theological Seminary', '', 0),
(644, 'Phillips University', '', 0),
(645, 'Piedmont College', '', 0),
(646, 'Pine Manor College', '', 0),
(647, 'Pittsburg State University', '', 0),
(648, 'Pittsburgh Theological Seminary', '', 0),
(649, 'Plymouth State University', '', 0),
(650, 'Point Loma Nazarene University', '', 0),
(651, 'Point Park University', '', 0),
(652, 'Polk State College', '', 0),
(653, 'Polytechnic Institute of New York University', '', 0),
(654, 'Ponce School of Medicine & Health Sciences', '', 0),
(655, 'Pontifical College Josephinum', '', 0),
(656, 'Pontificia Universidad Cat?lica de Puerto Rico', '', 0),
(657, 'Portland State University', '', 0),
(658, 'Post University', '', 0),
(659, 'Potomac College', '', 0),
(660, 'Prairie View A&M University', '', 0),
(661, 'Pratt Institute', '', 0),
(662, 'Prescott College', '', 0),
(663, 'Presentation College', '', 0),
(664, 'Princeton Theological Seminary', '', 0),
(665, 'Princeton University', '', 0),
(666, 'Principia College', '', 0),
(667, 'Presbyterian College', '', 0),
(668, 'Providence College', '', 0),
(669, 'Purdue University', '', 0),
(670, 'Purdue University-Calumet', '', 0),
(671, 'Purdue University-North Central', '', 0),
(672, 'Purdue University College of Technology-Anderson/Muncie', '', 0),
(673, 'Purdue University College of Technology-Columbus/Greensburg', '', 0),
(674, 'Purdue University College of Technology-Indianapolis', '', 0),
(675, 'Purdue University College of Technology-Kokomo', '', 0),
(676, 'Purdue University College of Technology-Lafayette', '', 0),
(677, 'Purdue University College of Technology-New Albany', '', 0),
(678, 'Purdue University College of Technology-Richmond', '', 0),
(679, 'Purdue University College of Technology-South Bend/Elkhart', '', 0),
(680, 'Sacred Heart Major Seminary', '', 0),
(681, 'Sacred Heart School of Theology', '', 0),
(682, 'Sacred Heart University', '', 0),
(683, 'The Sage Colleges', '', 0),
(684, 'Saginaw Valley State University', '', 0),
(685, 'Saint Ambrose University', '', 0),
(686, 'Saint Andrews Presbyterian College', '', 0),
(687, 'Saint Anselm College', '', 0),
(688, 'Saint Anthony College of Nursing', '', 0),
(689, 'Saint Augustine College', '', 0),
(690, 'Saint Augustine''s College', '', 0),
(691, 'Saint Bonaventure University', '', 0),
(692, 'Saint Catherine University', '', 0),
(693, 'Saint Catharine College', '', 0),
(694, 'Saint Charles Borromeo Seminary', '', 0),
(695, 'Saint Cloud State University', '', 0),
(696, 'Saint Edward''s University', '', 0),
(697, 'Saint Francis College', '', 0),
(698, 'Saint Francis Medical Center College of Nursing', '', 0),
(699, 'Saint Francis University', '', 0),
(700, 'Saint Gregory the Great Seminary', '', 0),
(701, 'Saint Gregory''s University', '', 0),
(702, 'Saint John Fisher College', '', 0),
(703, 'Saint John Vianney College Seminary', '', 0),
(704, 'Saint John''s College-Annapolis', '', 0),
(705, 'Saint John''s College-Santa Fe', '', 0),
(706, 'Saint John''s College', '', 0),
(707, 'Saint John''s Seminary', '', 0),
(708, 'Saint John''s Seminary', '', 0),
(709, 'Saint John''s University', '', 0),
(710, 'Saint John''s University', '', 0),
(711, 'Saint Johns River State College', '', 0),
(712, 'Saint Joseph College', '', 0),
(713, 'Saint Joseph Seminary College', '', 0),
(714, 'Saint Joseph''s College', '', 0),
(715, 'Saint Joseph''s College', '', 0),
(716, 'Saint Joseph''s College of Maine', '', 0),
(717, 'Saint Joseph''s Seminary', '', 0),
(718, 'Saint Joseph''s University', '', 0),
(719, 'Saint Lawrence University', '', 0),
(720, 'Saint Leo University', '', 0),
(721, 'Saint Louis College of Pharmacy', '', 0),
(722, 'Saint Louis University', '', 0),
(723, 'Saint Luke''s College of Health Sciences', '', 0),
(724, 'Saint Martin''s University', '', 0),
(725, 'Saint Mary Seminary & Graduate School of Theology', '', 0),
(726, 'Saint Mary-of-the-Woods College', '', 0),
(727, 'Saint Mary''s College', '', 0),
(728, 'Saint Mary''s College of California', '', 0),
(729, 'Saint Mary''s College of Maryland', '', 0),
(730, 'Saint Mary''s Seminary & University', '', 0),
(731, 'Saint Mary''s University of Minnesota', '', 0),
(732, 'Saint Mary''s University', '', 0),
(733, 'Saint Meinrad Seminary & School of Theology', '', 0),
(734, 'Saint Michael''s College', '', 0),
(735, 'Saint Norbert College', '', 0),
(736, 'Saint Olaf College', '', 0),
(737, 'Saint Patrick''s Seminary & University', '', 0),
(738, 'Saint Paul School of Theology', '', 0),
(739, 'Saint Paul''s College', '', 0),
(740, 'Saint Peter''s College', '', 0),
(741, 'Saint Petersburg College', '', 0),
(742, 'Saint Thomas Aquinas College', '', 0),
(743, 'Saint Thomas University', '', 0),
(744, 'Saint Vincent College', '', 0),
(745, 'Saint Vincent de Paul Regional Seminary', '', 0),
(746, 'Saint Vincent''s College', '', 0),
(747, 'Saint Xavier University', '', 0),
(748, 'Salem College', '', 0),
(749, 'Salem International University', '', 0),
(750, 'Salem State University', '', 0),
(751, 'Salisbury University', '', 0),
(752, 'Salish Kootenai College', '', 0),
(753, 'Salus University', '', 0),
(754, 'Salve Regina University', '', 0),
(755, 'Sam Houston State University', '', 0),
(756, 'Samford University', '', 0),
(757, 'Samuel Merritt University', '', 0),
(758, 'San Diego Christian College', '', 0),
(759, 'San Diego State University', '', 0),
(760, 'San Francisco Art Institute', '', 0),
(761, 'San Francisco Conservatory of Music', '', 0),
(762, 'San Francisco State University', '', 0),
(763, 'San Francisco Theological Seminary', '', 0),
(764, 'San Joaquin College of Law', '', 0),
(765, 'San Jos? State University', '', 0),
(766, 'San Juan Bautista School of Medicine', '', 0),
(767, 'Santa Clara University', '', 0),
(768, 'Santa Fe College', '', 0),
(769, 'Santa Fe University of Art & Design', '', 0),
(770, 'Sarah Lawrence College', '', 0),
(771, 'Savannah College of Art & Design', '', 0),
(772, 'Savannah State University', '', 0),
(773, 'Saybrook University', '', 0),
(774, 'School for International Training', '', 0),
(775, 'School of the Art Institute of Chicago', '', 0),
(776, 'School of Visual Arts', '', 0),
(777, 'Schreiner University', '', 0),
(778, 'Scripps Research Institute', '', 0),
(779, 'Seattle Pacific University', '', 0),
(780, 'Seattle University', '', 0),
(781, 'Seminario Evang?lico de Puerto Rico', '', 0),
(782, 'Seminary of the Immaculate Conception', '', 0),
(783, 'Seminary of the Southwest', '', 0),
(784, 'Seminole State College of Florida', '', 0),
(785, 'Seton Hall University', '', 0),
(786, 'Seton Hill University', '', 0),
(787, 'Shaw University', '', 0),
(788, 'Shawnee State University', '', 0),
(789, 'Shenandoah University', '', 0),
(790, 'Shepherd University', '', 0),
(791, 'Sherman College of Chiropractic', '', 0),
(792, 'Shimer College', '', 0),
(793, 'Shippensburg University of Pennsylvania', '', 0),
(794, 'Shorter College', '', 0),
(795, 'Siegal College of Judaic Studies', '', 0),
(796, 'Siena College', '', 0),
(797, 'Siena Heights University', '', 0),
(798, 'Sierra Nevada College', '', 0),
(799, 'Silver Lake College', '', 0),
(800, 'Simmons College', '', 0),
(801, 'Sinte Gleska University', '', 0),
(802, 'Simpson University', '', 0),
(803, 'Simpson College', '', 0),
(804, 'Sioux Falls Seminary', '', 0),
(805, 'Sistema Universitario Ana G. M?ndez', '', 0),
(806, 'Universidad del Este', '', 0),
(807, 'Universidad Metropolitana', '', 0),
(808, 'Universidad del Turabo', '', 0),
(809, 'Sitting Bull College', '', 0),
(810, 'Skidmore College', '', 0),
(811, 'Slippery Rock University of Pennsylvania', '', 0),
(812, 'Smith College', '', 0),
(813, 'Soka University of America', '', 0),
(814, 'Somerset Christian College', '', 0),
(815, 'Sonoma State University', '', 0),
(816, 'Soujourner-Douglass College', '', 0),
(817, 'South Carolina State University', '', 0),
(818, 'South College', '', 0),
(819, 'South Dakota School of Mines & Technology', '', 0),
(820, 'South Dakota State University', '', 0),
(821, 'South Florida Bible College & Theological Seminary', '', 0),
(822, 'South Texas College of Law', '', 0),
(823, 'South University', '', 0),
(824, 'Southeast Missouri State University', '', 0),
(825, 'Southeastern Baptist Theological Seminary', '', 0),
(826, 'Southeastern Bible College', '', 0),
(827, 'Southeastern University', '', 0),
(828, 'Southeastern Louisiana University', '', 0),
(829, 'Southeastern Oklahoma State University', '', 0),
(830, 'Southern Adventist University', '', 0),
(831, 'Southern Arkansas University', '', 0),
(832, 'Southern Baptist Theological Seminary', '', 0),
(833, 'Southern California College of Optometry', '', 0),
(834, 'Southern California Institute of Architecture', '', 0),
(835, 'Southern California University of Health Sciences', '', 0),
(836, 'Southern College of Optometry', '', 0),
(837, 'Southern Connecticut State University', '', 0),
(838, 'Southern Illinois University-Carbondale', '', 0),
(839, 'Southern Illinois University-Edwardsville', '', 0),
(840, 'Southern Illinois University System', '', 0),
(841, 'Southern Methodist University', '', 0),
(842, 'Southern Nazarene University', '', 0),
(843, 'Southern New Hampshire University', '', 0),
(844, 'Southern Oregon University', '', 0),
(845, 'Southern Polytechnic State University', '', 0),
(846, 'Southern University and A&M College at Baton Rouge', '', 0),
(847, 'Southern University at New Orleans', '', 0),
(848, 'Southern University at Shreveport', '', 0),
(849, 'Southern University System', '', 0),
(850, 'Southern Utah University', '', 0),
(851, 'Southern Vermont College', '', 0),
(852, 'Southern Wesleyan University', '', 0),
(853, 'Southwest Baptist University', '', 0),
(854, 'Southwest College of Naturopathic Medicine & Health Sciences', '', 0),
(855, 'Southwest Minnesota State University', '', 0),
(856, 'Southwestern Adventist University', '', 0),
(857, 'Southwestern Assemblies of God University', '', 0),
(858, 'Southwestern Baptist Theological Seminary', '', 0),
(859, 'Southwestern Christian College', '', 0),
(860, 'Southwestern Christian University', '', 0),
(861, 'Southwestern College', '', 0),
(862, 'Southwestern College', '', 0),
(863, 'Southwestern College', '', 0),
(864, 'Southwestern Oklahoma State University', '', 0),
(865, 'Southwestern University', '', 0),
(866, 'Spalding University', '', 0),
(867, 'Spelman College', '', 0),
(868, 'Spertus Institute of Jewish Studies', '', 0),
(869, 'Spring Arbor University', '', 0),
(870, 'Spring Hill College', '', 0),
(871, 'Springfield College', '', 0),
(872, 'Stanford University', '', 0),
(873, 'State College of Florida, Manatee-Sarasota', '', 0),
(874, 'State University of New York System', '', 0),
(875, 'Albany', '', 0),
(876, 'Alfred State University', '', 0),
(877, 'Binghamton', '', 0),
(878, 'Buffalo', '', 0),
(879, 'Buffalo State College', '', 0),
(880, 'Stony Brook', '', 0),
(881, 'College at Brockport', '', 0),
(882, 'College at Cortland', '', 0),
(883, 'College at Fredonia', '', 0),
(884, 'College at Geneseo', '', 0),
(885, 'College at New Paltz', '', 0),
(886, 'College at Old Westbury', '', 0),
(887, 'College at Oneonta', '', 0),
(888, 'College at Oswego', '', 0),
(889, 'College at Plattsburgh', '', 0),
(890, 'College at Potsdam', '', 0),
(891, 'College at Purchase', '', 0),
(892, 'College of Agriculture & Technology at Cobleskill', '', 0),
(893, 'College of Agriculture & Technology at Morrisville (Morrisville State College)', '', 0),
(894, 'College of Environmental Science & Forestry', '', 0),
(895, 'College of Optometry', '', 0),
(896, 'College of Technology at Canton', '', 0),
(897, 'College of Technology at Delhi', '', 0),
(898, 'Downstate Medical Center', '', 0),
(899, 'Empire State College', '', 0),
(900, 'Farmingdale State College', '', 0),
(901, 'Fashion Institute of Technology', '', 0),
(902, 'Institute of Technology at Utica/Rome', '', 0),
(903, 'Maritime College at Fort Schuyler', '', 0),
(904, 'Upstate Medical University', '', 0),
(905, 'Stephen F. Austin State University', '', 0),
(906, 'Stephens College', '', 0),
(907, 'Sterling College', '', 0),
(908, 'Sterling College', '', 0),
(909, 'Stetson University', '', 0),
(910, 'Stevens Institute of Technology', '', 0),
(911, 'Stevenson University', '', 0),
(912, 'Stillman College', '', 0),
(913, 'Stonehill College', '', 0),
(914, 'Strayer University', '', 0),
(915, 'Suffolk University', '', 0),
(916, 'Sul Ross State University', '', 0),
(917, 'Sullivan University', '', 0),
(918, 'Susquehanna University', '', 0),
(919, 'Swarthmore College', '', 0),
(920, 'Sweet Briar College', '', 0),
(921, 'Syracuse University', '', 0),
(922, 'University of the Pacific', '', 0),
(923, 'University of Pennsylvania', '', 0),
(924, 'University of Phoenix', '', 0),
(925, 'University of Pikeville', '', 0),
(926, 'University of Pittsburgh', '', 0),
(927, 'University of Pittsburgh-Bradford', '', 0),
(928, 'University of Pittsburgh-Greensburg', '', 0),
(929, 'University of Pittsburgh-Johnstown', '', 0),
(930, 'University of Portland', '', 0),
(931, 'University of Puerto Rico-Aguadilla', '', 0),
(932, 'University of Puerto Rico-Arecibo', '', 0),
(933, 'University of Puerto Rico-Bayam?n', '', 0),
(934, 'University of Puerto Rico-Carolina', '', 0),
(935, 'University of Puerto Rico-Cayey', '', 0),
(936, 'University of Puerto Rico-Ciencias M?dicas', '', 0),
(937, 'University of Puerto Rico-Humacao', '', 0),
(938, 'University of Puerto Rico-Mayag&uuml;ez', '', 0),
(939, 'University of Puerto Rico-Ponce', '', 0),
(940, 'University of Puerto Rico-R&iacute;o Piedras', '', 0),
(941, 'University of Puerto Rico System', '', 0),
(942, 'University of Puerto Rico-Utuado', '', 0),
(943, 'University of Puget Sound', '', 0),
(944, 'University of Redlands', '', 0),
(945, 'University of Rhode Island', '', 0),
(946, 'University of Richmond', '', 0),
(947, 'University of Rio Grande', '', 0),
(948, 'University of Rochester', '', 0),
(949, 'University of the Rockies', '', 0),
(950, 'University of St. Francis', '', 0),
(951, 'University of Saint Francis', '', 0),
(952, 'University of Saint Mary', '', 0),
(953, 'University of San Diego', '', 0),
(954, 'University of San Francisco', '', 0),
(955, 'University of Science & Arts of Oklahoma', '', 0),
(956, 'University of the Sciences in Philadelphia', '', 0),
(957, 'University of Scranton', '', 0),
(958, 'University of Sioux Falls', '', 0),
(959, 'University of Southern California', '', 0),
(960, 'University of Southern Maine', '', 0),
(961, 'University of Southern Nevada', '', 0),
(962, 'University of South Carolina', '', 0),
(963, 'University of South Carolina-Aiken', '', 0),
(964, 'University of South Carolina-Beaufort', '', 0),
(965, 'University of South Carolina System', '', 0),
(966, 'University of South Carolina-Upstate', '', 0),
(967, 'University of South Dakota', '', 0),
(968, 'University of South Florida', '', 0),
(969, 'University of South Florida-Saint Petersburg', '', 0),
(970, 'University of Southern Mississippi', '', 0),
(971, 'University of Saint Thomas', '', 0),
(972, 'University of Saint Thomas', '', 0),
(973, 'University of South Alabama', '', 0),
(974, 'University of Southern Indiana', '', 0),
(975, 'University of Tampa', '', 0),
(976, 'University of Tennessee', '', 0),
(977, 'University of Tennessee-Chattanooga', '', 0),
(978, 'University of Tennessee Health Science Center', '', 0),
(979, 'University of Tennessee-Martin', '', 0),
(980, 'University of Tennessee System', '', 0),
(981, 'University of Texas-Arlington', '', 0),
(982, 'University of Texas-Austin', '', 0),
(983, 'University of Texas-Brownsville', '', 0),
(984, 'University of Texas-Dallas', '', 0),
(985, 'University of Texas-El Paso', '', 0),
(986, 'University of Texas Health Science Center at Houston', '', 0),
(987, 'University of Texas Health Science Center at San Antonio', '', 0),
(988, 'University of Texas Health Science Center at Tyler', '', 0),
(989, 'University of Texas M.D. Anderson Cancer Center', '', 0),
(990, 'University of Texas Medical Branch at Galveston', '', 0),
(991, 'University of Texas-Pan American', '', 0),
(992, 'University of Texas of the Permian Basin', '', 0),
(993, 'University of Texas-San Antonio', '', 0),
(994, 'University of Texas Southwestern Medical Center at Dallas', '', 0),
(995, 'University of Texas System', '', 0),
(996, 'University of Texas-Tyler', '', 0),
(997, 'University of the Arts', '', 0),
(998, 'University of the Cumberlands', '', 0),
(999, 'University of the Incarnate Word', '', 0),
(1000, 'University of the South', '', 0),
(1001, 'University of the Southwest', '', 0),
(1002, 'University of Toledo', '', 0),
(1003, 'University of Toledo Health Science Campus', '', 0),
(1004, 'University of Tulsa', '', 0),
(1005, 'University of Utah', '', 0),
(1006, 'University of Vermont', '', 0),
(1007, 'University of the Virgin Islands', '', 0),
(1008, 'University of Virginia', '', 0),
(1009, 'University of Virginia''s College at Wise', '', 0),
(1010, 'University of Washington', '', 0),
(1011, 'University of Washington-Bothell', '', 0),
(1012, 'University of Washington-Tacoma', '', 0),
(1013, 'University of West Alabama', '', 0),
(1014, 'University of West Florida', '', 0),
(1015, 'University of West Georgia', '', 0),
(1016, 'University of Western States', '', 0),
(1017, 'University of the West', '', 0),
(1018, 'University of Wisconsin-Eau Claire', '', 0),
(1019, 'University of Wisconsin-Green Bay', '', 0),
(1020, 'University of Wisconsin-La Crosse', '', 0),
(1021, 'University of Wisconsin-Madison', '', 0),
(1022, 'University of Wisconsin-Milwaukee', '', 0),
(1023, 'University of Wisconsin-Oshkosh', '', 0),
(1024, 'University of Wisconsin-Parkside', '', 0),
(1025, 'University of Wisconsin-Platteville', '', 0),
(1026, 'University of Wisconsin-River Falls', '', 0),
(1027, 'University of Wisconsin-Stevens Point', '', 0),
(1028, 'University of Wisconsin-Stout', '', 0),
(1029, 'University of Wisconsin-Superior', '', 0),
(1030, 'University of Wisconsin System', '', 0),
(1031, 'University of Wisconsin-Whitewater', '', 0),
(1032, 'University of Wyoming', '', 0),
(1033, 'Xavier University', '', 0),
(1034, 'Xavier University of Louisiana', '', 0),
(1035, 'Yale University', '', 0),
(1036, 'Yeshiva University', '', 0),
(1037, 'York College', '', 0),
(1038, 'York College of Pennsylvania', '', 0),
(1039, 'Young Harris College', '', 0),
(1040, 'Youngstown State University', '', 0),
(1041, 'Babson College', '', 0),
(1042, 'Bacone College', '', 0),
(1043, 'Baldwin-Wallace College', '', 0),
(1044, 'Ball State University', '', 0),
(1045, 'Baltimore International College', '', 0),
(1046, 'Baker College', '', 0),
(1047, 'Baker University', '', 0),
(1048, 'Bangor Theological Seminary', '', 0),
(1049, 'Bank Street College of Education', '', 0),
(1050, 'Baptist Bible College', '', 0),
(1051, 'Baptist Bible College & Seminary', '', 0),
(1052, 'The Baptist College of Florida', '', 0),
(1053, 'Baptist Memorial College of Health Sciences', '', 0),
(1054, 'Baptist Missionary Association Theological Seminary', '', 0),
(1055, 'Barclay College', '', 0),
(1056, 'Bard College', '', 0),
(1057, 'Bard College at Simon''s Rock', '', 0),
(1058, 'Barnard College', '', 0),
(1059, 'Barry University', '', 0),
(1060, 'Barton College', '', 0),
(1061, 'Bastyr University', '', 0),
(1062, 'Bates College', '', 0),
(1063, 'Bauder College', '', 0),
(1064, 'Bay Path College', '', 0),
(1065, 'Bay State College', '', 0),
(1066, 'Baylor College of Medicine', '', 0),
(1067, 'Baylor University', '', 0),
(1068, 'Beacon College', '', 0),
(1069, 'Becker College', '', 0),
(1070, 'Belhaven College', '', 0),
(1071, 'Bellarmine University', '', 0),
(1072, 'Bellevue College', '', 0),
(1073, 'Bellevue University', '', 0),
(1074, 'Bellin College', '', 0),
(1075, 'Belmont University', '', 0),
(1076, 'Belmont Abbey College', '', 0),
(1077, 'Beloit College', '', 0),
(1078, 'Bemidji State University', '', 0),
(1079, 'Benedict College', '', 0),
(1080, 'Benedictine College', '', 0),
(1081, 'Benedictine University', '', 0),
(1082, 'Benjamin Franklin Institute of Technology', '', 0),
(1083, 'Bennett College for Women', '', 0),
(1084, 'Bennington College', '', 0),
(1085, 'Bentley University', '', 0),
(1086, 'Berea College', '', 0),
(1087, 'Berkeley College', '', 0),
(1088, 'Berklee College of Music', '', 0),
(1089, 'Berry College', '', 0),
(1090, 'Bethany University', '', 0),
(1091, 'Bethany College', '', 0),
(1092, 'Bethany College', '', 0),
(1093, 'Bethany Lutheran College', '', 0),
(1094, 'Bethany Theological Seminary', '', 0),
(1095, 'Bethel College', '', 0),
(1096, 'Bethel College', '', 0),
(1097, 'Bethel University & Seminary', '', 0),
(1098, 'Bethel University', '', 0),
(1099, 'Bethesda Christian University', '', 0),
(1100, 'Bethune-Cookman University', '', 0),
(1101, 'Beulah Heights University', '', 0),
(1102, 'Biblical Theological Seminary', '', 0),
(1103, 'Biola University', '', 0),
(1104, 'Birmingham-Southern College', '', 0),
(1105, 'Bismark State College', '', 0),
(1106, 'Black Hills State University', '', 0),
(1107, 'Blackburn College', '', 0),
(1108, 'Blessing-Rieman College of Nursing', '', 0),
(1109, 'Bloomfield College', '', 0),
(1110, 'Bloomsburg University of Pennsylvania', '', 0),
(1111, 'Blue Mountain College', '', 0),
(1112, 'Bluefield College', '', 0),
(1113, 'Bluefield State College', '', 0),
(1114, 'Bluffton University', '', 0),
(1115, 'Boise State University', '', 0),
(1116, 'Boricua College', '', 0),
(1117, 'Boston Architectural College', '', 0),
(1118, 'Boston College', '', 0),
(1119, 'Boston Conservatory', '', 0),
(1120, 'Boston Graduate School of Psychoanalysis', '', 0),
(1121, 'Boston University', '', 0),
(1122, 'Bowdoin College', '', 0),
(1123, 'Bowie State University', '', 0),
(1124, 'Bowling Green State University', '', 0),
(1125, 'Bradley University', '', 0),
(1126, 'Brandeis University', '', 0),
(1127, 'Brandman University', '', 0),
(1128, 'Brenau University', '', 0),
(1129, 'Brescia University ', '', 0),
(1130, 'Brevard College', '', 0),
(1131, 'Brewton-Parker College', '', 0),
(1132, 'Briar Cliff University', '', 0),
(1133, 'Briarcliffe College', '', 0),
(1134, 'Bridgewater College', '', 0),
(1135, 'Bridgewater State University', '', 0),
(1136, 'Brigham Young University', '', 0),
(1137, 'Brigham Young University-Hawaii', '', 0),
(1138, 'Brigham Young University-Idaho', '', 0),
(1139, 'Broward College', '', 0),
(1140, 'Brown University', '', 0),
(1141, 'Bryan College', '', 0),
(1142, 'BryanLGH College of Health Sciences', '', 0),
(1143, 'Bryant University', '', 0),
(1144, 'Bryn Athyn College of the New Church', '', 0),
(1145, 'Bryn Mawr College', '', 0),
(1146, 'Bucknell University', '', 0),
(1147, 'Buena Vista University', '', 0),
(1148, 'Burlington College', '', 0),
(1149, 'Butler University', '', 0),
(1150, 'Cabarrus College of Health Sciences', '', 0),
(1151, 'Cabrini College', '', 0),
(1152, 'Caldwell College', '', 0),
(1153, 'California Baptist University', '', 0),
(1154, 'California College of the Arts', '', 0),
(1155, 'California Institute of the Arts', '', 0),
(1156, 'California Institute of Integral Studies', '', 0),
(1157, 'California Institute of Technology', '', 0),
(1158, 'California Lutheran University', '', 0),
(1159, 'California Maritime Academy', '', 0),
(1160, 'California Polytechnic State University, San Luis Obispo', '', 0),
(1161, 'California State Polytechnic University, Pomona', '', 0),
(1162, 'California State University-Bakersfield', '', 0),
(1163, 'California State University-Channel Islands', '', 0),
(1164, 'California State University-Chico', '', 0),
(1165, 'California State University-Dominguez Hills', '', 0),
(1166, 'California State University-East Bay', '', 0),
(1167, 'California State University-Fresno', '', 0),
(1168, 'California State University-Fullerton', '', 0),
(1169, 'California State University-Long Beach', '', 0),
(1170, 'California State University-Los Angeles', '', 0),
(1171, 'California State University-Monterey Bay', '', 0),
(1172, 'California State University-Northridge', '', 0),
(1173, 'California State University-Sacramento', '', 0),
(1174, 'California State University-San Bernardino', '', 0),
(1175, 'California State University-San Marcos', '', 0),
(1176, 'California State University-Stanislaus', '', 0),
(1177, 'California State University System', '', 0),
(1178, 'California University of Pennsylvania', '', 0);
INSERT INTO `unis` (`id`, `name`, `server_address`, `server_port`) VALUES
(1179, 'Calumet College of Saint Joseph', '', 0),
(1180, 'Calvary Baptist Seminary', '', 0),
(1181, 'Calvary Bible College & Theological Seminary', '', 0),
(1182, 'Calvin College', '', 0),
(1183, 'Cambridge College ', '', 0),
(1184, 'Cameron University', '', 0),
(1185, 'Campbell University', '', 0),
(1186, 'Campbellsville University', '', 0),
(1187, 'Canisius College', '', 0),
(1188, 'Capella University', '', 0),
(1189, 'Capital University', '', 0),
(1190, 'Capitol College', '', 0),
(1191, 'Cardinal Stritch University', '', 0),
(1192, 'Caribbean University', '', 0),
(1193, 'Carleton College', '', 0),
(1194, 'Carlos Albizu University', '', 0),
(1195, 'Carlos Albizu University-Miami Campus', '', 0),
(1196, 'Carlow University', '', 0),
(1197, 'Carnegie Mellon University', '', 0),
(1198, 'Carroll College', '', 0),
(1199, 'Carroll University', '', 0),
(1200, 'Carson-Newman College', '', 0),
(1201, 'Carthage College', '', 0),
(1202, 'Case Western Reserve University', '', 0),
(1203, 'Castleton State College', '', 0),
(1204, 'Catawba College', '', 0),
(1205, 'Catholic Theological Union', '', 0),
(1206, 'The Catholic University of America', '', 0),
(1207, 'Cazenovia College', '', 0),
(1208, 'Cedar Crest College', '', 0),
(1209, 'Cedarville University', '', 0),
(1210, 'Centenary College', '', 0),
(1211, 'Centenary College of Louisiana', '', 0),
(1212, 'Central Baptist College', '', 0),
(1213, 'Central Baptist Theological Seminary', '', 0),
(1214, 'Central Bible College', '', 0),
(1215, 'Central Christian College of Kansas', '', 0),
(1216, 'Central Christian College of the Bible', '', 0),
(1217, 'Central College', '', 0),
(1218, 'Central Connecticut State University', '', 0),
(1219, 'Central Methodist University', '', 0),
(1220, 'Central Michigan University', '', 0),
(1221, 'Central Penn College', '', 0),
(1222, 'Central State University', '', 0),
(1223, 'Central Washington University', '', 0),
(1224, 'Centre College', '', 0),
(1225, 'Centro de Estudios Avanzados de Puerto Rico y el Caribe', '', 0),
(1226, 'Chadron State College', '', 0),
(1227, 'Chamberlain College of Nursing', '', 0),
(1228, 'Chaminade University', '', 0),
(1229, 'Champlain College', '', 0),
(1230, 'Chancellor University', '', 0),
(1231, 'Chapman University', '', 0),
(1232, 'Charles R. Drew University of Medicine & Science', '', 0),
(1233, 'Charleston Southern University', '', 0),
(1234, 'Charter Oak State College', '', 0),
(1235, 'Chatham College', '', 0),
(1236, 'Chester College of New England', '', 0),
(1237, 'Chestnut Hill College', '', 0),
(1238, 'Cheyney University', '', 0),
(1239, 'The Chicago School of Professional Psychology', '', 0),
(1240, 'Chicago State University', '', 0),
(1241, 'Chicago Theological Seminary', '', 0),
(1242, 'Chipola College', '', 0),
(1243, 'Chowan College', '', 0),
(1244, 'Christ the King Seminary', '', 0),
(1245, 'Christendom College', '', 0),
(1246, 'Christian Brothers University', '', 0),
(1247, 'Christian Theological Seminary', '', 0),
(1248, 'Christopher Newport University', '', 0),
(1249, 'Church Divinity School of the Pacific', '', 0),
(1250, 'Cincinnati Christian University', '', 0),
(1251, 'Cincinnati College of Mortuary Science', '', 0),
(1252, 'The Citadel', '', 0),
(1253, 'City University of Seattle', '', 0),
(1254, 'City University of New York', '', 0),
(1255, 'Baruch College', '', 0),
(1256, 'Brooklyn College', '', 0),
(1257, 'City College', '', 0),
(1258, 'College of Staten Island', '', 0),
(1259, 'Graduate School & University Center', '', 0),
(1260, 'Hunter College', '', 0),
(1261, 'John Jay College of Criminal Justice', '', 0),
(1262, 'Lehman College', '', 0),
(1263, 'Medgar Evers College', '', 0),
(1264, 'New York City College of Technology', '', 0),
(1265, 'Queens College', '', 0),
(1266, 'York College', '', 0),
(1267, 'Claflin University', '', 0),
(1268, 'Claremont Consortium of Colleges', '', 0),
(1269, 'Claremont Graduate University', '', 0),
(1270, 'Claremont McKenna College', '', 0),
(1271, 'Harvey Mudd College', '', 0),
(1272, 'Keck Graduate Institute of Applied Life Sciences', '', 0),
(1273, 'Pitzer College', '', 0),
(1274, 'Pomona College', '', 0),
(1275, 'Scripps College', '', 0),
(1276, 'Claremont School of Theology', '', 0),
(1277, 'Clarion University of Pennsylvania', '', 0),
(1278, 'Clark University', '', 0),
(1279, 'Clark Atlanta University', '', 0),
(1280, 'Clarke University', '', 0),
(1281, 'Clarkson College', '', 0),
(1282, 'Clarkson University', '', 0),
(1283, 'Clayton State University', '', 0),
(1284, 'Clear Creek Baptist Bible College', '', 0),
(1285, 'Clearwater Christian College', '', 0),
(1286, 'Cleary University', '', 0),
(1287, 'Clemson University', '', 0),
(1288, 'Cleveland Chiropractic College', '', 0),
(1289, 'Cleveland Institute of Art', '', 0),
(1290, 'Cleveland Institute of Music', '', 0),
(1291, 'Cleveland State University', '', 0),
(1292, 'Coastal Carolina University', '', 0),
(1293, 'Coe College', '', 0),
(1294, 'Cogswell Polytechnical College', '', 0),
(1295, 'Coker College', '', 0),
(1296, 'Colby College', '', 0),
(1297, 'Colby-Sawyer College', '', 0),
(1298, 'Colegio Universitario de San Juan', '', 0),
(1299, 'Colgate University', '', 0),
(1300, 'College for Creative Studies', '', 0),
(1301, 'College for Financial Planning', '', 0),
(1302, 'College of the Atlantic', '', 0),
(1303, 'College of Central Florida', '', 0),
(1304, 'College of Charleston', '', 0),
(1305, 'College of Coastal Georgia', '', 0),
(1306, 'College of the Holy Cross', '', 0),
(1307, 'The College of Idaho', '', 0),
(1308, 'College of the Menominee Nation', '', 0),
(1309, 'College of Mount Saint Joseph', '', 0),
(1310, 'College of Mount Saint Vincent', '', 0),
(1311, 'The College of New Jersey', '', 0),
(1312, 'College of New Rochelle', '', 0),
(1313, 'College of Notre Dame of Maryland', '', 0),
(1314, 'College of the Ozarks', '', 0),
(1315, 'College of Saint Benedict', '', 0),
(1316, 'College of Saint Elizabeth', '', 0),
(1317, 'College of Saint Rose', '', 0),
(1318, 'College of Saint Joseph', '', 0),
(1319, 'College of Saint Mary', '', 0),
(1320, 'College of Saint Scholastica', '', 0),
(1321, 'College of Saint Thomas More', '', 0),
(1322, 'College of Southern Nevada', '', 0),
(1323, 'College of Visual Arts ', '', 0),
(1324, 'College of William and Mary', '', 0),
(1325, 'College of Wooster', '', 0),
(1326, 'Colorado Christian University', '', 0),
(1327, 'Colorado College', '', 0),
(1328, 'Colorado Mesa University', '', 0),
(1329, 'Colorado School of Mines', '', 0),
(1330, 'Colorado State University', '', 0),
(1331, 'Colorado State University-Pueblo', '', 0),
(1332, 'Colorado Technical University', '', 0),
(1333, 'Columbia Centro Universitario', '', 0),
(1334, 'Columbia College', '', 0),
(1335, 'Columbia College', '', 0),
(1336, 'Columbia College Chicago', '', 0),
(1337, 'Columbia College of Nursing', '', 0),
(1338, 'Columbia International University', '', 0),
(1339, 'Columbia Theological Seminary', '', 0),
(1340, 'Columbia University', '', 0),
(1341, 'Columbus College of Art & Design', '', 0),
(1342, 'Columbus State University', '', 0),
(1343, 'Conception Seminary College', '', 0),
(1344, 'Concord University', '', 0),
(1345, 'Concordia College-Bronxville', '', 0),
(1346, 'Concordia College-Moorhead', '', 0),
(1347, 'Concordia College-New York', '', 0),
(1348, 'Concordia College-Selma', '', 0),
(1349, 'Concordia Seminary-Saint Louis', '', 0),
(1350, 'Concordia Theological Seminary', '', 0),
(1351, 'Concordia University-Ann Arbor', '', 0),
(1352, 'Concordia University-Chicago', '', 0),
(1353, 'Concordia University-Irvine', '', 0),
(1354, 'Concordia University-Nebraska', '', 0),
(1355, 'Concordia University-Portland', '', 0),
(1356, 'Concordia University-Saint Paul', '', 0),
(1357, 'Concordia University-Texas', '', 0),
(1358, 'Concordia University-Wisconsin', '', 0),
(1359, 'Connecticut College', '', 0),
(1360, 'Conservatorio de M&uacute;sica de Puerto Rico', '', 0),
(1361, 'Converse College', '', 0),
(1362, 'Conway School of Landscape Design', '', 0),
(1363, 'The Cooper Union for the Advancement of Science & Art', '', 0),
(1364, 'Coppin State University', '', 0),
(1365, 'Corban University', '', 0),
(1366, 'Corcoran College of Art & Design', '', 0),
(1367, 'Cornell College', '', 0),
(1368, 'Cornell University', '', 0),
(1369, 'Cornerstone University', '', 0),
(1370, 'Cornish College of the Arts', '', 0),
(1371, 'Covenant College', '', 0),
(1372, 'Covenant Theological Seminary', '', 0),
(1373, 'Cox College', '', 0),
(1374, 'Cranbrook Academy of Art', '', 0),
(1375, 'Creighton University', '', 0),
(1376, 'Criswell College', '', 0),
(1377, 'Crossroads College', '', 0),
(1378, 'Crowley''s Ridge College', '', 0),
(1379, 'Crown College', '', 0),
(1380, 'Culinary Institute of America', '', 0),
(1381, 'Culver-Stockton College', '', 0),
(1382, 'Cumberland University', '', 0),
(1383, 'Curry College', '', 0),
(1384, 'Curtis Institute of Music', '', 0),
(1385, 'Hamilton College', '', 0),
(1386, 'Hamline University', '', 0),
(1387, 'Hampden-Sydney College', '', 0),
(1388, 'Hampshire College', '', 0),
(1389, 'Hampton University', '', 0),
(1390, 'Hannibal-Lagrange College', '', 0),
(1391, 'Hanover College', '', 0),
(1392, 'Hardin-Simmons University', '', 0),
(1393, 'Harding University', '', 0),
(1394, 'Harrington College of Design', '', 0),
(1395, 'Harris-Stowe State University', '', 0),
(1396, 'Harrisburg University of Science & Technology', '', 0),
(1397, 'Hartford Seminary', '', 0),
(1398, 'Hartwick College', '', 0),
(1399, 'Harvard University', '', 0),
(1400, 'Haskell Indian Nations University', '', 0),
(1401, 'Hastings College', '', 0),
(1402, 'Haverford College', '', 0),
(1403, 'Hawaii Pacific University', '', 0),
(1404, 'Hazelden Graduate School of Addiction Studies', '', 0),
(1405, 'Hebrew College', '', 0),
(1406, 'Hebrew Theological College', '', 0),
(1407, 'Hebrew Union College-Jewish Institute of Religion', '', 0),
(1408, 'Heidelberg College', '', 0),
(1409, 'Hellenic College/Holy Cross Greek Orthodox School of Theology', '', 0),
(1410, 'Henderson State University', '', 0),
(1411, 'Hendrix College', '', 0),
(1412, 'Heritage University', '', 0),
(1413, 'Herzing University', '', 0),
(1414, 'Hesser College', '', 0),
(1415, 'High Point University', '', 0),
(1416, 'Hilbert College', '', 0),
(1417, 'Hillsdale College', '', 0),
(1418, 'Hiram College', '', 0),
(1419, 'Hobart & William Smith Colleges', '', 0),
(1420, 'Hobe Sound Bible College', '', 0),
(1421, 'Hodges University', '', 0),
(1422, 'Hofstra University', '', 0),
(1423, 'Hollins University', '', 0),
(1424, 'Holy Apostles College & Seminary', '', 0),
(1425, 'Holy Cross College', '', 0),
(1426, 'Holy Family University', '', 0),
(1427, 'Holy Names University', '', 0),
(1428, 'Hood College', '', 0),
(1429, 'Hope College', '', 0),
(1430, 'Hope International University', '', 0),
(1431, 'Houghton College', '', 0),
(1432, 'Houston Baptist University', '', 0),
(1433, 'Howard Payne University', '', 0),
(1434, 'Howard University', '', 0),
(1435, 'Hult International Business School', '', 0),
(1436, 'Humboldt State University', '', 0),
(1437, 'Humphreys College', '', 0),
(1438, 'Huntingdon College', '', 0),
(1439, 'Huntington University', '', 0),
(1440, 'Husson University', '', 0),
(1441, 'Huston-Tillotson University', '', 0),
(1442, 'Kalamazoo College', '', 0),
(1443, 'Kansas City Art Institute', '', 0),
(1444, 'Kansas City University of Medicine & Biosciences', '', 0),
(1445, 'Kansas State University', '', 0),
(1446, 'Kansas State University-Salina College of Technology & Aviation', '', 0),
(1447, 'Kansas Wesleyan University', '', 0),
(1448, 'Kaplan University', '', 0),
(1449, 'Kean University', '', 0),
(1450, 'Keene State College', '', 0),
(1451, 'Keiser University', '', 0),
(1452, 'Kendall College', '', 0),
(1453, 'Kendall College of Art & Design of Ferris State University', '', 0),
(1454, 'Kennesaw State University', '', 0),
(1455, 'Kenrick-Glennon Seminary', '', 0),
(1456, 'Kent State University', '', 0),
(1457, 'Kent State University-Ashtabula Campus', '', 0),
(1458, 'Kent State University-East Liverpool Campus', '', 0),
(1459, 'Kent State University-Geauga', '', 0),
(1460, 'Kent State University-Salem Campus', '', 0),
(1461, 'Kent State University-Stark', '', 0),
(1462, 'Kent State University-Trumbull Campus', '', 0),
(1463, 'Kent State University-Tuscarawas', '', 0),
(1464, 'Kentucky Christian University', '', 0),
(1465, 'Kentucky Mountain Bible College', '', 0),
(1466, 'Kentucky State University', '', 0),
(1467, 'Kentucky Wesleyan College', '', 0),
(1468, 'Kenyon College', '', 0),
(1469, 'Kettering College of Medical Arts', '', 0),
(1470, 'Kettering University', '', 0),
(1471, 'Keuka College', '', 0),
(1472, 'Keystone College', '', 0),
(1473, 'King College', '', 0),
(1474, 'King''s College', '', 0),
(1475, 'The King''s College', '', 0),
(1476, 'Knowledge Systems Institute', '', 0),
(1477, 'Knox College', '', 0),
(1478, 'Kutztown University of Pennsylvania', '', 0),
(1479, 'Kuyper College', '', 0),
(1480, 'Macalester College', '', 0),
(1481, 'MacMurray College', '', 0),
(1482, 'Macon State College', '', 0),
(1483, 'Madonna University', '', 0),
(1484, 'Magnolia Bible College', '', 0),
(1485, 'Maharishi University of Management', '', 0),
(1486, 'Maine College of Art', '', 0),
(1487, 'Maine Maritime Academy', '', 0),
(1488, 'Malone College', '', 0),
(1489, 'Manchester College', '', 0),
(1490, 'Manhattan Christian College', '', 0),
(1491, 'Manhattan College', '', 0),
(1492, 'Manhattan School of Music', '', 0),
(1493, 'Manhattanville  College', '', 0),
(1494, 'Mansfield University of Pennsylvania', '', 0),
(1495, 'Maranatha Baptist Bible College', '', 0),
(1496, 'Marian University', '', 0),
(1497, 'Marian University', '', 0),
(1498, 'Marietta College', '', 0),
(1499, 'Marine Corps University', '', 0),
(1500, 'Marist College', '', 0),
(1501, 'Marlboro College', '', 0),
(1502, 'Marquette University', '', 0),
(1503, 'Mars Hill College', '', 0),
(1504, 'Marshall University', '', 0),
(1505, 'Martin Luther College', '', 0),
(1506, 'Martin Methodist College', '', 0),
(1507, 'Martin University', '', 0),
(1508, 'Mary Baldwin College', '', 0),
(1509, 'Marygrove College', '', 0),
(1510, 'Maryland institute College of Art', '', 0),
(1511, 'Marylhurst University', '', 0),
(1512, 'Marymount College', '', 0),
(1513, 'Marymount Manhattan College', '', 0),
(1514, 'Marymount University', '', 0),
(1515, 'Maryville College', '', 0),
(1516, 'Maryville University of Saint Louis', '', 0),
(1517, 'Marywood University', '', 0),
(1518, 'Massachusetts College of Art & Design', '', 0),
(1519, 'Massachusetts College of Liberal Arts ', '', 0),
(1520, 'Massachuetts College of Pharmacy & Health Sciences', '', 0),
(1521, 'Massachusetts Institute of Technology', '', 0),
(1522, 'Massachusetts Maritime Academy', '', 0),
(1523, 'Massachusetts School of Law', '', 0),
(1524, 'Massachusetts School of Professional Psychology', '', 0),
(1525, 'The Master''s College', '', 0),
(1526, 'The Master''s Seminary', '', 0),
(1527, 'Maui College', '', 0),
(1528, 'Mayo Clinic College of Medicine', '', 0),
(1529, 'Mayo Clinic College of Medicine-Graduate School', '', 0),
(1530, 'Mayo Clinic College of Medicine-Medical School', '', 0),
(1531, 'Mayo Clinic College of Medicine-School of Health Sciences', '', 0),
(1532, 'Mayville State University', '', 0),
(1533, 'McCormick Theological Seminary', '', 0),
(1534, 'McDaniel College', '', 0),
(1535, 'McKendree University', '', 0),
(1536, 'McMurry University', '', 0),
(1537, 'McNeese State University', '', 0),
(1538, 'McPherson College', '', 0),
(1539, 'Medaille College', '', 0),
(1540, 'Medcenter One College of Nursing', '', 0),
(1541, 'Medical College of Wisconsin', '', 0),
(1542, 'Medical University of South Carolina', '', 0),
(1543, 'Meharry Medical College', '', 0),
(1544, 'Memphis College of Art', '', 0),
(1545, 'Memphis Theological Seminary', '', 0),
(1546, 'Menlo College', '', 0),
(1547, 'Mercer University', '', 0),
(1548, 'Mercy College', '', 0),
(1549, 'Mercy College of Health Sciences', '', 0),
(1550, 'Mercy College of Northwest Ohio', '', 0),
(1551, 'Mercyhurst College', '', 0),
(1552, 'Meredith College', '', 0),
(1553, 'Merrimack College', '', 0),
(1554, 'Messiah College', '', 0),
(1555, 'Methodist College of Nursing', '', 0),
(1556, 'Methodist Theological School in Ohio', '', 0),
(1557, 'Methodist University', '', 0),
(1558, 'Metropolitan College of New York', '', 0),
(1559, 'Metropolitan State College of Denver', '', 0),
(1560, 'Metropolitan State University', '', 0),
(1561, 'MGH Institute of Health Professions', '', 0),
(1562, 'Miami Dade College', '', 0),
(1563, 'Miami International University of Art & Design', '', 0),
(1564, 'Miami University', '', 0),
(1565, 'Miami University-Hamilton', '', 0),
(1566, 'Michigan School of Professional Psychology', '', 0),
(1567, 'Michigan State University', '', 0),
(1568, 'Michigan Technological University', '', 0),
(1569, 'Mid-America Baptist Theological Seminary', '', 0),
(1570, 'Mid-America Christian University', '', 0),
(1571, 'Mid-Atlantic Christian University', '', 0),
(1572, 'MidAmerica Nazarene University', '', 0),
(1573, 'Mid-Continent University', '', 0),
(1574, 'Middle Georgia College', '', 0),
(1575, 'Middle Tennessee School of Anesthesia', '', 0),
(1576, 'Middle Tennessee State University', '', 0),
(1577, 'Middlebury College', '', 0),
(1578, 'Midland University', '', 0),
(1579, 'Midstate College', '', 0),
(1580, 'Midway College', '', 0),
(1581, 'Midwestern Baptist Theological Seminary', '', 0),
(1582, 'Midwestern University', '', 0),
(1583, 'Midwestern State University', '', 0),
(1584, 'Miles College', '', 0),
(1585, 'Miller College', '', 0),
(1586, 'Millersville University of Pennsylvania', '', 0),
(1587, 'Milligan College', '', 0),
(1588, 'Millikin University', '', 0),
(1589, 'Mills College', '', 0),
(1590, 'Millsaps College', '', 0),
(1591, 'Milwaukee Institute of Art & Design', '', 0),
(1592, 'Milwaukee School of Engineering', '', 0),
(1593, 'Minnesota State University-Mankato', '', 0),
(1594, 'Minnesota State University-Moorhead', '', 0),
(1595, 'Minot State University', '', 0),
(1596, 'Minneapolis College of Art & Design', '', 0),
(1597, 'Misericordia University', '', 0),
(1598, 'Mississippi College', '', 0),
(1599, 'Mississippi State University', '', 0),
(1600, 'Mississippi University for Women', '', 0),
(1601, 'Mississippi Valley State University', '', 0),
(1602, 'Missouri Baptist University', '', 0),
(1603, 'Missouri Southern State University', '', 0),
(1604, 'Missouri State University', '', 0),
(1605, 'Missouri University of Science & Technology', '', 0),
(1606, 'Missouri Valley College', '', 0),
(1607, 'Missouri Western State University', '', 0),
(1608, 'Mitchell College', '', 0),
(1609, 'Molloy College', '', 0),
(1610, 'Monmouth College', '', 0),
(1611, 'Monmouth University', '', 0),
(1612, 'Monroe College', '', 0),
(1613, 'Montana State University', '', 0),
(1614, 'Montana State University-Billings', '', 0),
(1615, 'Montana State University-Northern', '', 0),
(1616, 'Montana Tech of The University of Montana', '', 0),
(1617, 'Montclair State University', '', 0),
(1618, 'Montreat College', '', 0),
(1619, 'Montserrat College of Art', '', 0),
(1620, 'Moody Bible Institute', '', 0),
(1621, 'Moore College of Art & Design', '', 0),
(1622, 'Moravian College', '', 0),
(1623, 'Morehead State University', '', 0),
(1624, 'Morehouse College', '', 0),
(1625, 'Morehouse School of Medicine', '', 0),
(1626, 'Morgan State University', '', 0),
(1627, 'Morningside College', '', 0),
(1628, 'Morris College', '', 0),
(1629, 'Mount Aloysius College', '', 0),
(1630, 'Mount Angel Seminary', '', 0),
(1631, 'Mount Carmel College of Nursing', '', 0),
(1632, 'Mount Holyoke College', '', 0),
(1633, 'Mount Ida College', '', 0),
(1634, 'Mount Marty College', '', 0),
(1635, 'Mount Mary College', '', 0),
(1636, 'Mount Mercy University', '', 0),
(1637, 'Mount Olive College', '', 0),
(1638, 'Mount Saint Mary College', '', 0),
(1639, 'Mount Saint Mary''s College', '', 0),
(1640, 'Mount Saint Mary''s University', '', 0),
(1641, 'Mount Sinai School of Medicine', '', 0),
(1642, 'Mount Vernon Nazarene University', '', 0),
(1643, 'Mountain State University', '', 0),
(1644, 'Muhlenberg College', '', 0),
(1645, 'Multnomah University', '', 0),
(1646, 'Murray State University', '', 0),
(1647, 'Muskingum University', '', 0),
(1648, 'Oak Hills Christian College', '', 0),
(1649, 'Oakland City University', '', 0),
(1650, 'Oakland University', '', 0),
(1651, 'Oakwood University', '', 0),
(1652, 'Oberlin College', '', 0),
(1653, 'Oblate School of Theology', '', 0),
(1654, 'Occidental College', '', 0),
(1655, 'Oglala Lakota College', '', 0),
(1656, 'Oglethorpe University', '', 0),
(1657, 'Ohio Christian University', '', 0),
(1658, 'Ohio College of Podiatric Medicine', '', 0),
(1659, 'Ohio Dominican University', '', 0),
(1660, 'Ohio Northern University', '', 0),
(1661, 'Ohio State University', '', 0),
(1662, 'Ohio State University-Lima', '', 0),
(1663, 'Ohio State University-Mansfield', '', 0),
(1664, 'Ohio State University-Marion', '', 0),
(1665, 'Ohio State University-Newark', '', 0),
(1666, 'Ohio University', '', 0),
(1667, 'Ohio University-Eastern Campus', '', 0),
(1668, 'Ohio University-Lancaster', '', 0),
(1669, 'Ohio University-Zanesville', '', 0),
(1670, 'Ohio Valley University', '', 0),
(1671, 'Ohio Wesleyan University', '', 0),
(1672, 'Oklahoma Baptist University', '', 0),
(1673, 'Oklahoma Christian University', '', 0),
(1674, 'Oklahoma City University', '', 0),
(1675, 'Oklahoma Panhandle State University', '', 0),
(1676, 'Oklahoma State University', '', 0),
(1677, 'Oklahoma State University-Center for Health Sciences', '', 0),
(1678, 'Oklahoma State University-Institute of Technology', '', 0),
(1679, 'Oklahoma State University-Oklahoma City', '', 0),
(1680, 'Oklahoma State University-Tulsa', '', 0),
(1681, 'Oklahoma Wesleyan University', '', 0),
(1682, 'Old Dominion University', '', 0),
(1683, 'Olivet College', '', 0),
(1684, 'Olivet Nazarene University', '', 0),
(1685, 'Olympic College', '', 0),
(1686, 'Oral Roberts University', '', 0),
(1687, 'Oregon College of Art & Craft', '', 0),
(1688, 'Oregon Health & Science University', '', 0),
(1689, 'Oregon Institute of Technology', '', 0),
(1690, 'Oregon State University', '', 0),
(1691, 'Otis College of Art & Design', '', 0),
(1692, 'Ottawa University', '', 0),
(1693, 'Otterbein College', '', 0),
(1694, 'Ouachita Baptist University', '', 0),
(1695, 'Our Lady of Holy Cross College', '', 0),
(1696, 'Our Lady of the Lake College', '', 0),
(1697, 'Our Lady of the Lake University', '', 0),
(1698, 'Ozark Christian College', '', 0),
(1699, 'Queens University of Charlotte', '', 0),
(1700, 'Quincy University', '', 0),
(1701, 'Quinnipiac University', '', 0),
(1702, 'Radford University', '', 0),
(1703, 'Ramapo College of New Jersey', '', 0),
(1704, 'Randolph College', '', 0),
(1705, 'Randolph-Macon College', '', 0),
(1706, 'Ranken Technical College', '', 0),
(1707, 'Rasmussen College', '', 0),
(1708, 'Reconstructionist Rabbinical College', '', 0),
(1709, 'Reed College', '', 0),
(1710, 'Reformed Theological Seminary', '', 0),
(1711, 'Regent University', '', 0),
(1712, 'Regis College', '', 0),
(1713, 'Regis University', '', 0),
(1714, 'Reinhardt University', '', 0),
(1715, 'Rensselaer Polytechnic Institute', '', 0),
(1716, 'Research College of Nursing', '', 0),
(1717, 'Resurrection University', '', 0),
(1718, 'Rhode Island College', '', 0),
(1719, 'Rhode Island School of Design', '', 0),
(1720, 'Rhodes College', '', 0),
(1721, 'Rice University', '', 0),
(1722, 'Richard Stockton College of New Jersey', '', 0),
(1723, 'Richmont Graduate University', '', 0),
(1724, 'Rider University', '', 0),
(1725, 'Ringling College of Art & Design', '', 0),
(1726, 'Ripon College', '', 0),
(1727, 'Rivier College', '', 0),
(1728, 'Roanoke College', '', 0),
(1729, 'Robert Morris University', '', 0),
(1730, 'Robert Morris University-Illinois', '', 0),
(1731, 'Roberts Wesleyan College', '', 0),
(1732, 'Rochester College', '', 0),
(1733, 'Rochester Institute of Technology', '', 0),
(1734, 'Rockford College', '', 0),
(1735, 'Rockhurst University', '', 0),
(1736, 'Rocky Mountain College', '', 0),
(1737, 'Rocky Mountain College of Art & Design', '', 0),
(1738, 'Roger Williams University', '', 0),
(1739, 'Rogers State University', '', 0),
(1740, 'Rollins College', '', 0),
(1741, 'Roosevelt University', '', 0),
(1742, 'Rosalind Franklin University of Medicine & Science', '', 0),
(1743, 'Rose-Hulman Institute of Technology', '', 0),
(1744, 'Rosemont College', '', 0),
(1745, 'Rowan University', '', 0),
(1746, 'Rush University', '', 0),
(1747, 'Rust College', '', 0),
(1748, 'Rutgers University-Camden', '', 0),
(1749, 'Rutgers University-New Brunswick', '', 0),
(1750, 'Rutgers University-Newark', '', 0),
(1751, 'Tabor College', '', 0),
(1752, 'Tai Sophia Institute', '', 0),
(1753, 'Talladega College', '', 0),
(1754, 'Tarleton State University', '', 0),
(1755, 'Taylor University', '', 0),
(1756, 'TCM International Institute', '', 0),
(1757, 'Teachers College, Columbia University', '', 0),
(1758, 'Temple University', '', 0),
(1759, 'Tennessee State University', '', 0),
(1760, 'Tennessee Technological University', '', 0),
(1761, 'Tennessee Wesleyan College', '', 0),
(1762, 'Texas A&M International University', '', 0),
(1763, 'Texas A&M University', '', 0),
(1764, 'Texas A&M University-Commerce', '', 0),
(1765, 'Texas A&M University-Corpus Christi', '', 0),
(1766, 'Texas A&M University-Galveston', '', 0),
(1767, 'Texas A&M University Health Science Center', '', 0),
(1768, 'Texas A&M University-Kingsville', '', 0),
(1769, 'Texas A&M University-Texarkana', '', 0),
(1770, 'Texas Chiropractic College', '', 0),
(1771, 'Texas Christian University', '', 0),
(1772, 'Texas College', '', 0),
(1773, 'Texas Lutheran University', '', 0),
(1774, 'Texas Southern University', '', 0),
(1775, 'Texas State University-San Marcos', '', 0),
(1776, 'Texas Tech University', '', 0),
(1777, 'Texas Tech University Health Sciences Center', '', 0),
(1778, 'Texas Wesleyan University', '', 0),
(1779, 'Texas Woman''s University', '', 0),
(1780, 'Thiel College', '', 0),
(1781, 'Thomas Aquinas College', '', 0),
(1782, 'Thomas University', '', 0),
(1783, 'Thomas College', '', 0),
(1784, 'Thomas Edison State College', '', 0),
(1785, 'Thomas Jefferson University', '', 0),
(1786, 'Thomas M. Cooley Law School', '', 0),
(1787, 'Thomas More College', '', 0),
(1788, 'The Thomas More College of Liberal Arts', '', 0),
(1789, 'Thunderbird School of Global Management', '', 0),
(1790, 'Tiffin University', '', 0),
(1791, 'Toccoa Falls College', '', 0),
(1792, 'Tougaloo College', '', 0),
(1793, 'Touro College', '', 0),
(1794, 'Touro College Los Angeles', '', 0),
(1795, 'Touro University California', '', 0),
(1796, 'Towson University', '', 0),
(1797, 'Toyota Technological Institute at Chicago', '', 0),
(1798, 'Transylvania University', '', 0),
(1799, 'Trevecca Nazarene University', '', 0),
(1800, 'Trident University International', '', 0),
(1801, 'Trine University', '', 0),
(1802, 'Trinity Bible College', '', 0),
(1803, 'Trinity Christian College', '', 0),
(1804, 'Trinity College', '', 0),
(1805, 'Trinity College of Nursing & Health Sciences', '', 0),
(1806, 'Trinity Lutheran Seminary', '', 0),
(1807, 'Trinity University', '', 0),
(1808, 'Trinity College of Florida', '', 0),
(1809, 'Trinity International University', '', 0),
(1810, 'Trinity Lutheran College', '', 0),
(1811, 'Trinity University', '', 0),
(1812, 'Troy University', '', 0),
(1813, 'Truett-McConnell College', '', 0),
(1814, 'Truman State University', '', 0),
(1815, 'Tufts University', '', 0),
(1816, 'Tulane University', '', 0),
(1817, 'Turtle Mountain Community College', '', 0),
(1818, 'Tusculum College', '', 0),
(1819, 'Tuskegee University', '', 0),
(1820, 'Unification Theological Seminary', '', 0),
(1821, 'Uniformed Services University of the Health Sciences', '', 0),
(1822, 'Union College', '', 0),
(1823, 'Union College', '', 0),
(1824, 'Union College', '', 0),
(1825, 'Union Graduate College', '', 0),
(1826, 'Union Institute & University', '', 0),
(1827, 'Union Presbyterian Seminary', '', 0),
(1828, 'Union Theological Seminary', '', 0),
(1829, 'Union University', '', 0),
(1830, 'United States Air Force Academy', '', 0),
(1831, 'United States Army Command & General Staff College', '', 0),
(1832, 'United States Army War College', '', 0),
(1833, 'United States Coast Guard Academy', '', 0),
(1834, 'United States Merchant Marine Academy', '', 0),
(1835, 'United States Military Academy', '', 0),
(1836, 'United States Naval Academy', '', 0),
(1837, 'United States Naval War College', '', 0),
(1838, 'United States Sports Academy', '', 0),
(1839, 'United States University', '', 0),
(1840, 'United Theological Seminary', '', 0),
(1841, 'United Theological Seminary of the Twin Cities', '', 0),
(1842, 'Unity College', '', 0),
(1843, 'Universidad Adventista de las Antillas', '', 0),
(1844, 'Universidad Central de Bayam?n', '', 0),
(1845, 'Universidad Central del Caribe', '', 0),
(1846, 'Universidad del Sagrado Coraz?n', '', 0),
(1847, 'Universidad Interamericana de Puerto Rico', '', 0),
(1848, 'Aguadilla Campus', '', 0),
(1849, 'Arecibo Campus', '', 0),
(1850, 'Barranquitas Campus', '', 0),
(1851, 'Bayam?n Campus', '', 0),
(1852, 'Fajardo Campus', '', 0),
(1853, 'Guayama Campus', '', 0),
(1854, 'Metropolitan Campus', '', 0),
(1855, 'Ponce Campus', '', 0),
(1856, 'San Germ?n Campus', '', 0),
(1857, 'School of Law', '', 0),
(1858, 'School of Optometry', '', 0),
(1859, 'Universidad Politecnica de Puerto Rico', '', 0),
(1860, 'University System of Maryland', '', 0),
(1861, 'Upper Iowa University', '', 0),
(1862, 'Urbana University', '', 0),
(1863, 'Ursinus College', '', 0),
(1864, 'Ursuline College', '', 0),
(1865, 'Utah State University', '', 0),
(1866, 'Utah Valley University', '', 0),
(1867, 'Utica College', '', 0),
(1868, 'University of Advancing Technology', '', 0),
(1869, 'University of Akron', '', 0),
(1870, 'University of Alabama', '192.168.1.4', 80),
(1871, 'University of Alabama-Birmingham', '', 0),
(1872, 'University of Alabama-Huntsville', '', 0),
(1873, 'University of Alaska System', '', 0),
(1874, 'University of Arizona', '', 0),
(1875, 'University of Arkansas', '', 0),
(1876, 'University of Arkansas-Fort Smith', '', 0),
(1877, 'University of Arkansas-Little Rock', '', 0),
(1878, 'University of Arkansas for Medical Sciences', '', 0),
(1879, 'University of Arkansas-Monticello', '', 0),
(1880, 'University of Arkansas-Pine Bluff', '', 0),
(1881, 'University of Arkansas System', '', 0),
(1882, 'University of Baltimore', '', 0),
(1883, 'University of Bridgeport', '', 0),
(1884, 'University of California-Berkeley', '', 0),
(1885, 'University of California-Davis', '', 0),
(1886, 'University of California Hastings College of the Law', '', 0),
(1887, 'University of California-Irvine', '', 0),
(1888, 'University of California-Los Angeles', '', 0),
(1889, 'University of California-Merced', '', 0),
(1890, 'University of California-Riverside', '', 0),
(1891, 'University of California-San Diego', '', 0),
(1892, 'University of California-San Francisco', '', 0),
(1893, 'University of California-Santa Barbara', '', 0),
(1894, 'University of California-Santa Cruz', '', 0),
(1895, 'University of California System', '', 0),
(1896, 'University of Central Arkansas', '', 0),
(1897, 'University of Central Florida', '', 0),
(1898, 'University of Central Missouri', '', 0),
(1899, 'University of Central Oklahoma', '', 0),
(1900, 'University of Charleston', '', 0),
(1901, 'University of Chicago', '', 0),
(1902, 'University of Cincinnati', '', 0),
(1903, 'University of Cincinnati-Blue Ash', '', 0),
(1904, 'University of Colorado-Boulder', '', 0),
(1905, 'University of Colorado-Colorado Springs', '', 0),
(1906, 'University of Colorado-Denver', '', 0),
(1907, 'University of Colorado System', '', 0),
(1908, 'University of Connecticut', '', 0),
(1909, 'University of Dallas', '', 0),
(1910, 'University of Dayton', '', 0),
(1911, 'University of Delaware', '', 0),
(1912, 'University of Denver', '', 0),
(1913, 'University of the District of Columbia', '', 0),
(1914, 'University of Detroit Mercy', '', 0),
(1915, 'University of Dubuque', '', 0),
(1916, 'University of Evansville', '', 0),
(1917, 'The University of Findlay', '', 0),
(1918, 'University of Florida', '', 0),
(1919, 'University of Georgia', '', 0),
(1920, 'University of Great Falls', '', 0),
(1921, 'University of Guam', '', 0),
(1922, 'University of Hartford', '', 0),
(1923, 'University of Hawaii-Hilo', '', 0),
(1924, 'University of Hawaii-Manoa', '', 0),
(1925, 'University of Hawaii System', '', 0),
(1926, 'University of Hawaii-West O''ahu', '', 0),
(1927, 'University of Houston', '', 0),
(1928, 'University of Houston-Clear Lake', '', 0),
(1929, 'University of Houston-Downtown', '', 0),
(1930, 'University of Houston-Victoria', '', 0),
(1931, 'University of Idaho', '', 0),
(1932, 'University of Illinois-Chicago', '', 0),
(1933, 'University of Illinois-Springfield', '', 0),
(1934, 'University of Illinois System', '', 0),
(1935, 'University of Illinois-Urbana-Champaign', '', 0),
(1936, 'University of Indianapolis', '', 0),
(1937, 'University of Iowa', '', 0),
(1938, 'University of Kansas', '', 0),
(1939, 'University of Kansas Medical Center', '', 0),
(1940, 'University of Kentucky', '', 0),
(1941, 'University of La Verne', '', 0),
(1942, 'University of Louisiana-Monroe', '', 0),
(1943, 'University of Louisiana-Lafayette', '', 0),
(1944, 'University of Louisville', '', 0),
(1945, 'University of Maine', '', 0),
(1946, 'University of Maine-Augusta', '', 0),
(1947, 'University of Maine-Farmington', '', 0),
(1948, 'University of Maine-Fort Kent', '', 0),
(1949, 'University of Maine-Machias', '', 0),
(1950, 'University of Maine-Presque Isle', '', 0),
(1951, 'University of Maine School of Law', '', 0),
(1952, 'University of Maine System', '', 0),
(1953, 'University of Mary', '', 0),
(1954, 'University of Mary Hardin-Baylor', '', 0),
(1955, 'University of Mary Washington', '', 0),
(1956, 'University of Maryland-Baltimore', '', 0),
(1957, 'University of Maryland-Baltimore County', '', 0),
(1958, 'University of Maryland-College Park', '', 0),
(1959, 'University of Maryland-Eastern Shore', '', 0),
(1960, 'University of Maryland-University College', '', 0),
(1961, 'University of Massachusetts-Amherst', '', 0),
(1962, 'University of Massachusetts-Boston', '', 0),
(1963, 'University of Massachusetts-Dartmouth', '', 0),
(1964, 'University of Massachusetts-Lowell', '', 0),
(1965, 'University of Massachusetts Medical School at Worcester', '', 0),
(1966, 'University of Massachusetts System', '', 0),
(1967, 'University of Medicine & Dentistry of New Jersey', '', 0),
(1968, 'University of Memphis', '', 0),
(1969, 'University of Miami', '', 0),
(1970, 'University of Michigan', '', 0),
(1971, 'University of Michigan-Dearborn', '', 0),
(1972, 'University of Michigan-Flint', '', 0),
(1973, 'University of Minnesota-Crookston', '', 0),
(1974, 'University of Minnesota-Duluth', '', 0),
(1975, 'University of Minnesota-Morris', '', 0),
(1976, 'University of Minnesota-Twin Cities', '', 0),
(1977, 'University of Mississippi', '', 0),
(1978, 'University of Mississippi Medical Center', '', 0),
(1979, 'University of Missouri', '', 0),
(1980, 'University of Missouri-Kansas City', '', 0),
(1981, 'University of Missouri-Saint Louis', '', 0),
(1982, 'University of Missouri System', '', 0),
(1983, 'University of Mobile', '', 0),
(1984, 'University of Montana-Missoula', '', 0),
(1985, 'University of Montana-Western', '', 0),
(1986, 'University of Montevallo', '', 0),
(1987, 'University of Mount Union', '', 0),
(1988, 'University of Nebraska-Kearney', '', 0),
(1989, 'University of Nebraska-Lincoln', '', 0),
(1990, 'University of Nebraska Medical Center', '', 0),
(1991, 'University of Nebraska-Omaha', '', 0),
(1992, 'University of Nebraska System', '', 0),
(1993, 'University of Nevada-Las Vegas', '', 0),
(1994, 'University of Nevada-Reno', '', 0),
(1995, 'University of New England', '', 0),
(1996, 'University of New Hampshire', '', 0),
(1997, 'University of New Hampshire at Manchester', '', 0),
(1998, 'University of New Hampshire School of Law', '', 0),
(1999, 'University of New Haven', '', 0),
(2000, 'University of New Mexico', '', 0),
(2001, 'University of New Orleans', '', 0),
(2002, 'University of North Alabama', '', 0),
(2003, 'University of North Carolina-Asheville', '', 0),
(2004, 'University of North Carolina-Chapel Hill', '', 0),
(2005, 'University of North Carolina-Charlotte', '', 0),
(2006, 'University of North Carolina-Greensboro', '', 0),
(2007, 'University of North Carolina-Pembroke', '', 0),
(2008, 'University of North Carolina-School of the Arts', '', 0),
(2009, 'University of North Carolina-Wilmington', '', 0),
(2010, 'University of North Dakota', '', 0),
(2011, 'University of North Florida', '', 0),
(2012, 'University of North Texas', '', 0),
(2013, 'University of North Texas Health Science Center', '', 0),
(2014, 'University of Northern Colorado', '', 0),
(2015, 'University of Northern Iowa', '', 0),
(2016, 'University of Northwestern Ohio', '', 0),
(2017, 'University of Notre Dame', '', 0),
(2018, 'University of Oklahoma', '', 0),
(2019, 'University of Oklahoma Health Sciences Center', '', 0),
(2020, 'University of Oklahoma-Tulsa', '', 0),
(2021, 'University of Oregon', '', 0),
(2022, 'University of the Ozarks', '', 0),
(2023, 'Valdosta State University', '', 0),
(2024, 'Valencia College', '', 0),
(2025, 'Valley City State University', '', 0),
(2026, 'Valley Forge Christian College', '', 0),
(2027, 'Valparaiso University', '', 0),
(2028, 'Vanderbilt University', '', 0),
(2029, 'VanderCook College of Music', '', 0),
(2030, 'Vanguard University of Southern California', '', 0),
(2031, 'Vassar College', '', 0),
(2032, 'Vaughn College of Aeronautics & Technology', '', 0),
(2033, 'Vermont College of Fine Arts', '', 0),
(2034, 'Vermont Law School', '', 0),
(2035, 'Vermont Technical College', '', 0),
(2036, 'Victory University', '', 0),
(2037, 'Villa Maria College of Buffalo', '', 0),
(2038, 'Villanova University', '', 0),
(2039, 'Vincennes University', '', 0),
(2040, 'Virginia Commonwealth University', '', 0),
(2041, 'Virginia Intermont College', '', 0),
(2042, 'Virginia Military Institute', '', 0),
(2043, 'Virginia Polytechnic Institute & State University', '', 0),
(2044, 'Virginia State University', '', 0),
(2045, 'Virginia Union University', '', 0),
(2046, 'Virginia Wesleyan College', '', 0),
(2047, 'Viterbo University', '', 0),
(2048, 'Voorhees College', '', 0),
(2049, 'Wabash College', '', 0),
(2050, 'Wade College', '', 0),
(2051, 'Wagner College', '', 0),
(2052, 'Wake Forest University', '', 0),
(2053, 'Walden University', '', 0),
(2054, 'Waldorf College', '', 0),
(2055, 'Walla Walla University', '', 0),
(2056, 'Walsh College', '', 0),
(2057, 'Walsh University', '', 0),
(2058, 'Warner Pacific College', '', 0),
(2059, 'Warner University', '', 0),
(2060, 'Warren Wilson College', '', 0),
(2061, 'Wartburg College', '', 0),
(2062, 'Wartburg Theological Seminary', '', 0),
(2063, 'Washburn University', '', 0),
(2064, 'Washington & Jefferson College', '', 0),
(2065, 'Washington & Lee University', '', 0),
(2066, 'Washington Adventist University', '', 0),
(2067, 'Washington Bible College/Capital Bible Seminary', '', 0),
(2068, 'Washington College', '', 0),
(2069, 'Washington State University', '', 0),
(2070, 'Washington State University-Spokane', '', 0),
(2071, 'Washington State University-Tri-Cities', '', 0),
(2072, 'Washington State University-Vancouver', '', 0),
(2073, 'Washington Theological Union', '', 0),
(2074, 'Washington University in Saint Louis', '', 0),
(2075, 'Watkins College of Art, Design, & Film', '', 0),
(2076, 'Wayland Baptist University', '', 0),
(2077, 'Wayne State College', '', 0),
(2078, 'Wayne State University', '', 0),
(2079, 'Waynesburg University', '', 0),
(2080, 'Webb Institute', '', 0),
(2081, 'Webber International University', '', 0),
(2082, 'Weber State University', '', 0),
(2083, 'Webster University', '', 0),
(2084, 'Wellesley College', '', 0),
(2085, 'Wells College', '', 0),
(2086, 'Wentworth Institute of Technology', '', 0),
(2087, 'Wesley College', '', 0),
(2088, 'Wesley Theological Seminary', '', 0),
(2089, 'Wesleyan College', '', 0),
(2090, 'Wesleyan University', '', 0),
(2091, 'West Chester University of Pennsylvania', '', 0),
(2092, 'West Liberty University', '', 0),
(2093, 'West Texas A&M University', '', 0),
(2094, 'West Virginia State University', '', 0),
(2095, 'West Virginia University', '', 0),
(2096, 'West Virginia University Institute of Technology', '', 0),
(2097, 'West Virginia University at Parkersburg', '', 0),
(2098, 'West Virginia Wesleyan College', '', 0),
(2099, 'Western Carolina University', '', 0),
(2100, 'Western Connecticut State University', '', 0),
(2101, 'Western Governors University', '', 0),
(2102, 'Western Illinois University', '', 0),
(2103, 'Western International University', '', 0),
(2104, 'Western Kentucky University', '', 0),
(2105, 'Western Michigan University', '', 0),
(2106, 'Western Nevada College', '', 0),
(2107, 'Western New England College', '', 0),
(2108, 'Western New Mexico University', '', 0),
(2109, 'Western Oregon University', '', 0),
(2110, 'Western Seminary', '', 0),
(2111, 'Western State College of Colorado', '', 0),
(2112, 'Western State University College of Law', '', 0),
(2113, 'Western University of Health Sciences', '', 0),
(2114, 'Western Washington University', '', 0),
(2115, 'Westfield State University', '', 0),
(2116, 'Westminster College', '', 0),
(2117, 'Westminster College', '', 0),
(2118, 'Westminster College', '', 0),
(2119, 'Westminster Theological Seminary', '', 0),
(2120, 'Westminster Seminary California', '', 0),
(2121, 'Westmont College', '', 0),
(2122, 'Wheaton College', '', 0),
(2123, 'Wheaton College', '', 0),
(2124, 'Wheeling Jesuit University', '', 0),
(2125, 'Wheelock College', '', 0),
(2126, 'Whitman College', '', 0),
(2127, 'Whittier College', '', 0),
(2128, 'Whitworth University', '', 0),
(2129, 'Wichita State University', '', 0),
(2130, 'Widener University', '', 0),
(2131, 'Wilberforce University', '', 0),
(2132, 'Wiley College', '', 0),
(2133, 'Wilkes University', '', 0),
(2134, 'Willamette University', '', 0),
(2135, 'William Carey University', '', 0),
(2136, 'William Jessup University', '', 0),
(2137, 'William Jewell College', '', 0),
(2138, 'William Penn University', '', 0),
(2139, 'William Paterson University', '', 0),
(2140, 'William Woods University', '', 0),
(2141, 'Williams Baptist College', '', 0),
(2142, 'Williams College', '', 0),
(2143, 'Wilmington University', '', 0),
(2144, 'Wilmington College', '', 0),
(2145, 'Wilson College', '', 0),
(2146, 'Wingate University', '', 0),
(2147, 'Winona State University', '', 0),
(2148, 'Winston-Salem State University', '', 0),
(2149, 'Winthrop University', '', 0),
(2150, 'Wisconsin Lutheran College', '', 0),
(2151, 'Wisconsin School of Professional Psychology', '', 0),
(2152, 'Wittenberg University', '', 0),
(2153, 'Wofford College', '', 0),
(2154, 'Won Institute of Graduate Studies', '', 0),
(2155, 'Woodbury University', '', 0),
(2156, 'Woods Hole Oceanographic Institution', '', 0),
(2157, 'Worcester Polytechnic Institute', '', 0),
(2158, 'Worcester State University', '', 0),
(2159, 'The Wright Institute', '', 0),
(2160, 'Wright State University', '', 0);

-- --------------------------------------------------------

--
-- Table structure for table `users`
--

CREATE TABLE IF NOT EXISTS `users` (
  `id` int(11) NOT NULL AUTO_INCREMENT,
  `name` varchar(100) NOT NULL,
  `c2dm_id` text NOT NULL,
  `in_class` int(11) NOT NULL DEFAULT '0',
  PRIMARY KEY (`id`),
  KEY `in_class` (`in_class`)
) ENGINE=InnoDB  DEFAULT CHARSET=latin1 AUTO_INCREMENT=71 ;

--
-- Dumping data for table `users`
--

INSERT INTO `users` (`id`, `name`, `c2dm_id`, `in_class`) VALUES
(57, 'Jeff Gray', 'thisisfake', 0),
(61, 'Brett Aaron', 'APA91bHKsboJGAQnp962wDjPuBQu7681kQXxx9G77ZvZ5Sn7m1yTUJRUaDy0pMb5DbNFwOoR0QZ7VTA1v6S0cpJIuEae2WenBBNWfFy4lwJZIwOAf47AncoHc06Vk4ojGvs9NO9WD12SlEDswN9Kd2iZCvCiUVWdbzXSCbo16e3ujQQYhJApD3o', 1),
(70, 'Asa Rudick', 'APA91bHfDq4ABOpzs_1ZyyQGCG0__5cJJ2ukQVKXzBDa6qd1HM0YKDRvO5QTivQvX4qY75NSPjbfyOYYu18ioEgdGVPSdwVUPFmxP7_pfebP9Lr6LNkYJe49XKNbaKytSFpz2ty1RLGfeBrqgxHvlmkfE6wvmNg9BLZEdEwLkYurQSUWeO3f7Bg', 0);

-- --------------------------------------------------------

--
-- Table structure for table `user_devices`
--

CREATE TABLE IF NOT EXISTS `user_devices` (
  `user_id` int(11) NOT NULL,
  `device_id` char(25) NOT NULL,
  KEY `user_id` (`user_id`)
) ENGINE=InnoDB DEFAULT CHARSET=latin1;

--
-- Dumping data for table `user_devices`
--

INSERT INTO `user_devices` (`user_id`, `device_id`) VALUES
(61, '4475d581133fc04c'),
(57, 'fake'),
(70, 'b217c91b5d134eb1');

--
-- Constraints for dumped tables
--

--
-- Constraints for table `answers`
--
ALTER TABLE `answers`
  ADD CONSTRAINT `answers_ibfk_1` FOREIGN KEY (`question_id`) REFERENCES `questions` (`id`) ON DELETE CASCADE ON UPDATE CASCADE;

--
-- Constraints for table `assignments`
--
ALTER TABLE `assignments`
  ADD CONSTRAINT `assignments_ibfk_1` FOREIGN KEY (`doc_id`) REFERENCES `documents` (`id`) ON DELETE CASCADE ON UPDATE CASCADE,
  ADD CONSTRAINT `assignments_ibfk_2` FOREIGN KEY (`section_id`) REFERENCES `sections` (`id`) ON DELETE CASCADE ON UPDATE CASCADE;

--
-- Constraints for table `courses`
--
ALTER TABLE `courses`
  ADD CONSTRAINT `courses_ibfk_4` FOREIGN KEY (`subject_id`) REFERENCES `subjects` (`id`) ON DELETE NO ACTION ON UPDATE NO ACTION,
  ADD CONSTRAINT `courses_ibfk_5` FOREIGN KEY (`uni_id`) REFERENCES `unis` (`id`) ON DELETE NO ACTION ON UPDATE NO ACTION;

--
-- Constraints for table `lectures`
--
ALTER TABLE `lectures`
  ADD CONSTRAINT `lectures_ibfk_1` FOREIGN KEY (`section_id`) REFERENCES `sections` (`id`) ON DELETE CASCADE ON UPDATE CASCADE;

--
-- Constraints for table `meeting_times`
--
ALTER TABLE `meeting_times`
  ADD CONSTRAINT `meeting_times_ibfk_1` FOREIGN KEY (`section_id`) REFERENCES `sections` (`id`) ON DELETE CASCADE ON UPDATE CASCADE;

--
-- Constraints for table `professors`
--
ALTER TABLE `professors`
  ADD CONSTRAINT `professors_ibfk_1` FOREIGN KEY (`user_id`) REFERENCES `users` (`id`) ON DELETE CASCADE ON UPDATE CASCADE;

--
-- Constraints for table `professor_courses`
--
ALTER TABLE `professor_courses`
  ADD CONSTRAINT `professor_courses_ibfk_1` FOREIGN KEY (`professor_id`) REFERENCES `professors` (`user_id`) ON DELETE CASCADE ON UPDATE CASCADE,
  ADD CONSTRAINT `professor_courses_ibfk_2` FOREIGN KEY (`course_id`) REFERENCES `courses` (`id`) ON DELETE CASCADE ON UPDATE CASCADE;

--
-- Constraints for table `questions`
--
ALTER TABLE `questions`
  ADD CONSTRAINT `questions_ibfk_1` FOREIGN KEY (`quiz_id`) REFERENCES `quizzes` (`id`) ON DELETE CASCADE ON UPDATE CASCADE;

--
-- Constraints for table `quiz_results`
--
ALTER TABLE `quiz_results`
  ADD CONSTRAINT `quiz_results_ibfk_1` FOREIGN KEY (`quiz_id`) REFERENCES `quizzes` (`id`) ON DELETE CASCADE ON UPDATE CASCADE,
  ADD CONSTRAINT `quiz_results_ibfk_2` FOREIGN KEY (`student_id`) REFERENCES `users` (`id`) ON DELETE CASCADE ON UPDATE CASCADE;

--
-- Constraints for table `sections`
--
ALTER TABLE `sections`
  ADD CONSTRAINT `sections_ibfk_5` FOREIGN KEY (`course_id`) REFERENCES `courses` (`id`) ON DELETE CASCADE ON UPDATE CASCADE,
  ADD CONSTRAINT `sections_ibfk_6` FOREIGN KEY (`professor_id`) REFERENCES `professors` (`user_id`) ON DELETE CASCADE ON UPDATE CASCADE;

--
-- Constraints for table `student_courses`
--
ALTER TABLE `student_courses`
  ADD CONSTRAINT `student_courses_ibfk_1` FOREIGN KEY (`student_id`) REFERENCES `users` (`id`) ON DELETE CASCADE ON UPDATE CASCADE,
  ADD CONSTRAINT `student_courses_ibfk_2` FOREIGN KEY (`section_id`) REFERENCES `sections` (`id`) ON DELETE CASCADE ON UPDATE CASCADE;

--
-- Constraints for table `user_devices`
--
ALTER TABLE `user_devices`
  ADD CONSTRAINT `user_devices_ibfk_1` FOREIGN KEY (`user_id`) REFERENCES `users` (`id`) ON DELETE CASCADE ON UPDATE CASCADE;

/*!40101 SET CHARACTER_SET_CLIENT=@OLD_CHARACTER_SET_CLIENT */;
/*!40101 SET CHARACTER_SET_RESULTS=@OLD_CHARACTER_SET_RESULTS */;
/*!40101 SET COLLATION_CONNECTION=@OLD_COLLATION_CONNECTION */;
